step,train_loss,val_loss
1,2.0525591373443604,
1000,1.303007960319519,
2000,1.3604975938796997,
3000,1.304374098777771,
4000,1.3804810047149658,
5000,1.2874054908752441,
6000,1.2685247659683228,
7000,1.3441927433013916,
8000,1.2795050144195557,
9000,1.3008668422698975,
10000,1.332280158996582,
11000,1.3848686218261719,
12000,1.2305865287780762,
13000,1.3679084777832031,
14000,1.3056614398956299,
15000,1.353548288345337,
16000,1.2843992710113525,
17000,1.2842247486114502,
18000,1.360758900642395,
19000,1.2526575326919556,
20000,1.3168011903762817,
21000,1.32624351978302,
22000,1.3382680416107178,
23000,1.2780927419662476,
24000,1.3527812957763672,
25000,1.3914581537246704,
26000,1.227197289466858,
27000,1.2667107582092285,
28000,1.3656771183013916,
29000,1.2224918603897095,
30000,1.289278507232666,
31000,1.2474185228347778,
32000,1.3618298768997192,
33000,1.270308494567871,
34000,1.2141906023025513,
35000,1.3208377361297607,
36000,1.3635278940200806,
37000,1.3690487146377563,
38000,1.3636244535446167,
39000,1.361928939819336,
40000,1.3578994274139404,
41000,1.3537673950195312,
42000,1.3632605075836182,
43000,1.269336223602295,
44000,1.2177395820617676,
45000,1.344510555267334,
46000,1.333113193511963,
47000,1.2471415996551514,
48000,1.2852189540863037,
49000,1.2114019393920898,
50000,1.3586018085479736,
51000,1.2029165029525757,
52000,1.070328712463379,
53000,1.3488012552261353,
54000,1.3589036464691162,
55000,1.1691503524780273,
56000,1.3034179210662842,
57000,1.3768651485443115,
58000,1.242538571357727,
59000,1.266345500946045,
60000,1.2625917196273804,
61000,1.349411964416504,
62000,1.163042426109314,
63000,1.3314176797866821,
64000,1.224232792854309,
65000,1.3577704429626465,
66000,1.2279911041259766,
67000,1.2884398698806763,
68000,1.2435423135757446,
69000,1.3379104137420654,
70000,1.3591926097869873,
71000,1.350235939025879,
72000,1.2157381772994995,
73000,1.255119800567627,
74000,1.3330554962158203,
75000,1.3604073524475098,
76000,1.3131294250488281,
77000,1.370270848274231,
78000,1.3216986656188965,
79000,1.3516571521759033,
80000,1.2672560214996338,
81000,1.172547698020935,
82000,1.217816710472107,
83000,1.305765151977539,
84000,1.2324914932250977,
85000,1.2490158081054688,
86000,1.236667513847351,
87000,1.1912535429000854,
88000,1.1688997745513916,
89000,1.2509796619415283,
90000,1.1526254415512085,
91000,1.2641575336456299,
92000,1.2625250816345215,
93000,1.141904354095459,
94000,1.0917294025421143,
95000,1.1490938663482666,
96000,1.3113629817962646,
97000,1.3230440616607666,
98000,1.2997920513153076,
99000,1.28726327419281,
100000,1.3107717037200928,
101000,1.1313765048980713,
102000,1.3560723066329956,
103000,1.3043735027313232,
104000,1.2628726959228516,
105000,1.1966315507888794,
106000,1.1853618621826172,
107000,1.1138582229614258,
108000,1.3095728158950806,
109000,1.2433158159255981,
110000,1.2029145956039429,
111000,1.2170836925506592,
112000,1.2781389951705933,
113000,1.1895958185195923,
114000,1.3520668745040894,
115000,1.2247174978256226,
116000,1.2530614137649536,
117000,1.254569172859192,
118000,1.2134886980056763,
119000,1.1709824800491333,
120000,1.2646424770355225,
121000,1.3607648611068726,
122000,1.3476710319519043,
123000,1.3587039709091187,
124000,1.347779631614685,
125000,1.1628077030181885,
126000,1.253221035003662,
127000,1.0724503993988037,
128000,1.3687583208084106,
129000,1.1970229148864746,
130000,1.3604216575622559,
131000,1.1663167476654053,
132000,1.355564832687378,
133000,1.3443405628204346,
134000,1.10389244556427,
135000,1.2447150945663452,
136000,1.3040722608566284,
137000,1.2066808938980103,
138000,1.2826558351516724,
139000,1.3441896438598633,
140000,1.3782081604003906,
141000,1.1294907331466675,
142000,1.091491460800171,
143000,1.1839536428451538,
144000,1.229329228401184,
145000,1.3067394495010376,
146000,1.3500490188598633,
147000,1.3518636226654053,
148000,1.3738764524459839,
149000,1.2471437454223633,
150000,1.2265055179595947,
151000,1.350462794303894,
152000,1.142337679862976,
153000,1.2406505346298218,
154000,1.1498116254806519,
155000,1.2975164651870728,
156000,1.147817611694336,
157000,1.0461575984954834,
158000,1.3539124727249146,
159000,1.3504021167755127,
160000,1.0378906726837158,
161000,1.204286813735962,
162000,1.1662797927856445,
163000,1.116168737411499,
164000,0.9515997767448425,
165000,1.2773382663726807,
166000,1.1036394834518433,
167000,1.3549762964248657,
168000,1.3149383068084717,
169000,1.3348259925842285,
170000,1.1245146989822388,
171000,1.2779444456100464,
172000,1.2079026699066162,
173000,1.2275164127349854,
174000,1.153527855873108,
175000,1.4136486053466797,
176000,1.3675607442855835,
177000,1.2332943677902222,
178000,0.9157729744911194,
179000,1.2724151611328125,
180000,1.2495605945587158,
181000,1.152816891670227,
182000,1.1320329904556274,
183000,1.0272749662399292,
184000,1.293182611465454,
185000,1.2900164127349854,
186000,1.3541778326034546,
187000,1.143846035003662,
188000,1.2279678583145142,
189000,1.0711398124694824,
190000,1.2920200824737549,
191000,1.2540546655654907,
192000,1.1661540269851685,
193000,1.225383996963501,
194000,1.1226431131362915,
195000,0.8425531387329102,
196000,1.3107717037200928,
197000,1.2976603507995605,
198000,0.6917548179626465,
199000,1.2674883604049683,
200000,1.2147198915481567,
201000,1.2316341400146484,
202000,1.2212097644805908,
203000,1.1509417295455933,
204000,0.9289589524269104,
205000,1.3714120388031006,
206000,0.45360904932022095,
207000,1.0420191287994385,
208000,1.0566425323486328,
209000,1.322092890739441,
210000,0.6308900713920593,
211000,1.0957398414611816,
212000,1.3645150661468506,
213000,1.3175214529037476,
214000,1.2678747177124023,
215000,0.8041530251502991,
216000,1.2993602752685547,
217000,1.2727487087249756,
218000,1.2894246578216553,
219000,1.2933951616287231,
220000,1.3419253826141357,
221000,1.0559903383255005,
222000,0.8507748246192932,
223000,1.3497501611709595,
224000,1.2994332313537598,
225000,1.3677817583084106,
226000,1.1429877281188965,
227000,1.1441539525985718,
228000,1.1827813386917114,
229000,0.6225367188453674,
230000,1.3100277185440063,
231000,1.2601515054702759,
232000,1.3280236721038818,
233000,1.0732052326202393,
234000,1.3571710586547852,
235000,0.5376525521278381,
236000,1.3744995594024658,
237000,0.5609035491943359,
238000,1.3390510082244873,
239000,1.3359259366989136,
240000,0.6349961757659912,
241000,1.3491710424423218,
242000,1.113418459892273,
243000,0.8215280771255493,
244000,1.029852032661438,
245000,1.1806530952453613,
246000,1.3623098134994507,
247000,0.35602325201034546,
248000,0.750980794429779,
249000,1.1048663854599,
250000,1.15526282787323,
250000,1.15526282787323,1.0450549560785294
251000,1.2011688947677612,
252000,1.345963478088379,
253000,0.8775680065155029,
254000,1.3199697732925415,
255000,1.056908369064331,
256000,1.3516331911087036,
257000,1.3725143671035767,
258000,1.139615535736084,
259000,1.3258683681488037,
260000,1.2510777711868286,
261000,1.2521387338638306,
262000,1.3591097593307495,
263000,1.247482180595398,
264000,1.3688690662384033,
265000,1.3338494300842285,
266000,1.3338695764541626,
267000,1.353702425956726,
268000,0.8398424386978149,
269000,1.20650053024292,
270000,1.2116941213607788,
271000,1.072550892829895,
272000,1.339770793914795,
273000,0.4838418960571289,
274000,1.3657114505767822,
275000,0.6301443576812744,
276000,0.7765648365020752,
277000,1.081864595413208,
278000,0.97705078125,
279000,0.7967965006828308,
280000,1.1869696378707886,
281000,1.318094253540039,
282000,1.0189231634140015,
283000,1.236363172531128,
284000,1.347527027130127,
285000,1.2076150178909302,
286000,0.44153350591659546,
287000,1.2697398662567139,
288000,1.3267691135406494,
289000,1.129397988319397,
290000,0.7840121388435364,
291000,0.9337549209594727,
292000,0.5267759561538696,
293000,1.0090484619140625,
294000,1.3379789590835571,
295000,1.166390299797058,
296000,1.190639615058899,
297000,1.2872415781021118,
298000,0.9459946751594543,
299000,1.1294021606445312,
300000,1.3765772581100464,
301000,0.6078038811683655,
302000,0.46275094151496887,
303000,1.359209418296814,
304000,1.0119054317474365,
305000,0.6162251234054565,
306000,1.3015943765640259,
307000,1.127747654914856,
308000,1.0045362710952759,
309000,1.2994526624679565,
310000,1.3326681852340698,
311000,0.9393112659454346,
312000,1.2263729572296143,
313000,1.1493759155273438,
314000,1.2055994272232056,
315000,0.6088780164718628,
316000,0.94288170337677,
317000,0.6544347405433655,
318000,1.2906354665756226,
319000,0.8167500495910645,
320000,1.2142378091812134,
321000,1.0620543956756592,
322000,0.464172899723053,
323000,0.8714240193367004,
324000,1.3026577234268188,
325000,1.265488624572754,
326000,1.3525290489196777,
327000,0.33856502175331116,
328000,1.239382028579712,
329000,0.7281591892242432,
330000,1.3689565658569336,
331000,0.593082070350647,
332000,1.1134910583496094,
333000,0.9868887066841125,
334000,0.4437895119190216,
335000,1.3592500686645508,
336000,1.2458994388580322,
337000,1.2566235065460205,
338000,1.1182619333267212,
339000,1.2804325819015503,
340000,1.2845767736434937,
341000,0.6640418767929077,
342000,1.213891863822937,
343000,1.256504774093628,
344000,1.2315818071365356,
345000,0.7300028800964355,
346000,1.122366189956665,
347000,1.1840674877166748,
348000,1.196134090423584,
349000,0.9974237680435181,
350000,0.36451610922813416,
351000,0.5071637034416199,
352000,0.6909641623497009,
353000,1.3690394163131714,
354000,0.504813551902771,
355000,1.3542732000350952,
356000,0.42350614070892334,
357000,1.361752986907959,
358000,1.3613026142120361,
359000,1.2234536409378052,
360000,1.2939057350158691,
361000,0.8532562255859375,
362000,1.0619078874588013,
363000,0.44071683287620544,
364000,1.1813206672668457,
365000,0.27017876505851746,
366000,1.1742204427719116,
367000,1.2724016904830933,
368000,1.3597630262374878,
369000,1.3488895893096924,
370000,0.3455977737903595,
371000,0.9539586901664734,
372000,1.230068325996399,
373000,1.1706204414367676,
374000,1.1398662328720093,
375000,1.383971929550171,
376000,1.2790437936782837,
377000,0.9914437532424927,
378000,0.44971174001693726,
379000,0.9237310886383057,
380000,1.3582650423049927,
381000,1.3904247283935547,
382000,0.34718775749206543,
383000,1.382426381111145,
384000,0.9406886100769043,
385000,1.1503030061721802,
386000,1.1086273193359375,
387000,0.301403671503067,
388000,1.3579844236373901,
389000,1.1883412599563599,
390000,1.366590142250061,
391000,1.3677746057510376,
392000,1.1256983280181885,
393000,1.2734975814819336,
394000,1.1363896131515503,
395000,0.7971439361572266,
396000,1.3217246532440186,
397000,0.6338112354278564,
398000,1.1413147449493408,
399000,1.345824956893921,
400000,1.3802028894424438,
401000,1.0750840902328491,
402000,1.1533420085906982,
403000,0.5163049101829529,
404000,0.7416079640388489,
405000,1.3359298706054688,
406000,1.2332764863967896,
407000,1.355829119682312,
408000,1.361569881439209,
409000,0.7971513271331787,
410000,1.1671011447906494,
411000,0.2845620810985565,
412000,0.8433329463005066,
413000,1.1849771738052368,
414000,1.3589986562728882,
415000,1.176916241645813,
416000,0.840936541557312,
417000,1.1313085556030273,
418000,0.4737434387207031,
419000,0.9778817892074585,
420000,0.35542282462120056,
421000,1.1969560384750366,
422000,1.3429629802703857,
423000,1.1456093788146973,
424000,1.2955378293991089,
425000,1.158345103263855,
426000,1.0636591911315918,
427000,0.3192868232727051,
428000,1.3565391302108765,
429000,1.1321961879730225,
430000,1.1626719236373901,
431000,1.0326786041259766,
432000,0.8414592146873474,
433000,1.10330069065094,
434000,1.2482620477676392,
435000,0.7052943706512451,
436000,1.1487854719161987,
437000,1.197500467300415,
438000,0.7155468463897705,
439000,0.8870190382003784,
440000,1.1140928268432617,
441000,0.4334542453289032,
442000,1.3457947969436646,
443000,1.2660765647888184,
444000,1.0090316534042358,
445000,0.6433320641517639,
446000,1.302764892578125,
447000,1.3577518463134766,
448000,1.3455705642700195,
449000,1.3435211181640625,
450000,1.1969395875930786,
451000,1.2142527103424072,
452000,1.0316952466964722,
453000,0.43819954991340637,
454000,0.5288947224617004,
455000,0.45167362689971924,
456000,0.33490118384361267,
457000,1.018210768699646,
458000,1.2904670238494873,
459000,1.3737164735794067,
460000,0.3160833418369293,
461000,1.347489356994629,
462000,1.3539694547653198,
463000,1.3384968042373657,
464000,1.3513033390045166,
465000,0.6649128198623657,
466000,0.6213207840919495,
467000,1.3618669509887695,
468000,0.4271215796470642,
469000,1.0942747592926025,
470000,1.367097020149231,
471000,1.0177733898162842,
472000,1.3616582155227661,
473000,0.5101868510246277,
474000,1.1535570621490479,
475000,1.0268707275390625,
476000,0.9775335788726807,
477000,0.7812684178352356,
478000,1.334302544593811,
479000,0.43065670132637024,
480000,0.6218472719192505,
481000,1.3641606569290161,
482000,1.311339259147644,
483000,1.295575737953186,
484000,1.219363808631897,
485000,0.3689168393611908,
486000,1.0455727577209473,
487000,1.1717087030410767,
488000,1.0733894109725952,
489000,1.022828221321106,
490000,0.36737319827079773,
491000,1.2037497758865356,
492000,1.3558565378189087,
493000,1.3389545679092407,
494000,1.3656474351882935,
495000,0.675112783908844,
496000,1.3072001934051514,
497000,0.4318598508834839,
498000,0.5383005142211914,
499000,1.014757752418518,
500000,1.3722790479660034,
500000,1.3722790479660034,0.9801492962241173
501000,1.2252898216247559,
502000,1.1522709131240845,
503000,1.3712890148162842,
504000,0.26543742418289185,
505000,1.1549023389816284,
506000,1.0983760356903076,
507000,1.1636989116668701,
508000,1.2546188831329346,
509000,1.1528732776641846,
510000,1.2431163787841797,
511000,1.1939071416854858,
512000,1.1322262287139893,
513000,0.36638331413269043,
514000,1.2116217613220215,
515000,1.1967209577560425,
516000,0.21271014213562012,
517000,1.3519829511642456,
518000,0.47465139627456665,
519000,1.210845708847046,
520000,0.3877430558204651,
521000,0.7175414562225342,
522000,0.5501482486724854,
523000,1.3517225980758667,
524000,0.8797155022621155,
525000,1.317466378211975,
526000,0.658442497253418,
527000,1.256706953048706,
528000,1.187230110168457,
529000,1.1676298379898071,
530000,0.6138471961021423,
531000,1.143789529800415,
532000,1.3654546737670898,
533000,0.9637572169303894,
534000,1.1012226343154907,
535000,1.3428372144699097,
536000,0.49193835258483887,
537000,1.0822815895080566,
538000,1.3657697439193726,
539000,0.4040605127811432,
540000,0.9927749633789062,
541000,0.7228264212608337,
542000,0.42870408296585083,
543000,1.3721455335617065,
544000,0.844215989112854,
545000,0.6548203825950623,
546000,1.2070978879928589,
547000,0.9414718747138977,
548000,0.46923768520355225,
549000,0.6234297752380371,
550000,1.3474876880645752,
551000,1.1546343564987183,
552000,0.48270127177238464,
553000,0.9835593104362488,
554000,1.24678373336792,
555000,1.2651844024658203,
556000,0.7596169710159302,
557000,0.6323354244232178,
558000,1.2205804586410522,
559000,0.9318023324012756,
560000,0.942250669002533,
561000,1.3268578052520752,
562000,1.2574750185012817,
563000,1.1038347482681274,
564000,1.3658443689346313,
565000,1.3110018968582153,
566000,1.249054193496704,
567000,1.240308403968811,
568000,1.1848503351211548,
569000,0.8540835976600647,
570000,0.6717444062232971,
571000,1.2126548290252686,
572000,1.3745936155319214,
573000,0.43349090218544006,
574000,1.1714798212051392,
575000,1.3288177251815796,
576000,1.2581963539123535,
577000,0.37900593876838684,
578000,1.3590589761734009,
579000,0.6715921759605408,
580000,0.32662057876586914,
581000,1.188177466392517,
582000,1.1418284177780151,
583000,1.1767919063568115,
584000,1.364254355430603,
585000,0.20672166347503662,
586000,0.8137911558151245,
587000,0.6366944313049316,
588000,0.9649791717529297,
589000,1.3513221740722656,
590000,0.6785020232200623,
591000,1.2306647300720215,
592000,1.1089940071105957,
593000,0.9978769421577454,
594000,1.0372450351715088,
595000,1.3542412519454956,
596000,1.1101337671279907,
597000,1.1438957452774048,
598000,0.4433000683784485,
599000,0.49874117970466614,
600000,1.1827031373977661,
601000,1.1761157512664795,
602000,0.8423070907592773,
603000,0.627751886844635,
604000,1.2368714809417725,
605000,1.2232877016067505,
606000,1.2619472742080688,
607000,1.0574527978897095,
608000,0.33160635828971863,
609000,1.3545745611190796,
610000,0.9180380702018738,
611000,1.3693969249725342,
612000,1.340867519378662,
613000,0.9396896958351135,
614000,1.3461875915527344,
615000,0.3839932978153229,
616000,0.8315775990486145,
617000,1.2637782096862793,
618000,0.8854172825813293,
619000,1.360915184020996,
620000,1.1959046125411987,
621000,0.7759506106376648,
622000,1.1765697002410889,
623000,1.2764852046966553,
624000,1.102975845336914,
625000,1.1145238876342773,
626000,1.3254568576812744,
627000,1.3767876625061035,
628000,1.3434263467788696,
629000,0.7650663256645203,
630000,1.1717725992202759,
631000,1.3282731771469116,
632000,0.6714581847190857,
633000,1.2295496463775635,
634000,0.3494195342063904,
635000,0.29425734281539917,
636000,0.9664660692214966,
637000,1.3579208850860596,
638000,1.1874604225158691,
639000,1.1616947650909424,
640000,1.357580304145813,
641000,1.2943381071090698,
642000,0.34019896388053894,
643000,1.357858657836914,
644000,0.22894056141376495,
645000,0.8723918199539185,
646000,1.055648922920227,
647000,0.3352479636669159,
648000,1.2936432361602783,
649000,0.3644631803035736,
650000,1.3684337139129639,
651000,0.8040356040000916,
652000,0.31087061762809753,
653000,1.3411104679107666,
654000,1.2270020246505737,
655000,1.214633822441101,
656000,1.2658541202545166,
657000,1.1732298135757446,
658000,1.0753229856491089,
659000,0.45454803109169006,
660000,1.3399232625961304,
661000,1.0260778665542603,
662000,0.9041621685028076,
663000,1.2569127082824707,
664000,1.3423962593078613,
665000,1.335693120956421,
666000,0.40048298239707947,
667000,0.7074446082115173,
668000,1.1840250492095947,
669000,0.45117467641830444,
670000,1.215910792350769,
671000,1.329567551612854,
672000,0.7857497930526733,
673000,1.0783796310424805,
674000,0.9656845331192017,
675000,1.1504937410354614,
676000,1.3510808944702148,
677000,1.0568418502807617,
678000,0.6150209307670593,
679000,1.367045521736145,
680000,0.940107524394989,
681000,0.7562261819839478,
682000,0.8481206893920898,
683000,1.3086153268814087,
684000,1.2183325290679932,
685000,0.45236608386039734,
686000,1.3071622848510742,
687000,1.3580690622329712,
688000,1.3735328912734985,
689000,1.15382719039917,
690000,1.3707711696624756,
691000,0.423939049243927,
692000,0.32188525795936584,
693000,1.360315203666687,
694000,0.36716851592063904,
695000,1.3543621301651,
696000,0.45094820857048035,
697000,0.8020811080932617,
698000,0.4373457133769989,
699000,1.3547258377075195,
700000,0.23384793102741241,
701000,1.0730217695236206,
702000,1.1055608987808228,
703000,1.1135863065719604,
704000,0.9414089322090149,
705000,0.495318204164505,
706000,1.2551919221878052,
707000,1.2598142623901367,
708000,0.4913135766983032,
709000,0.40263816714286804,
710000,1.2439429759979248,
711000,0.4968303442001343,
712000,0.8377550840377808,
713000,1.3230587244033813,
714000,0.612837553024292,
715000,0.3848167061805725,
716000,1.203041434288025,
717000,1.1346937417984009,
718000,1.254273772239685,
719000,1.2675888538360596,
720000,1.1591436862945557,
721000,1.1732300519943237,
722000,1.320590615272522,
723000,0.8387266397476196,
724000,1.1159006357192993,
725000,1.3347798585891724,
726000,1.3697459697723389,
727000,1.130233645439148,
728000,0.21899625658988953,
729000,0.7377538084983826,
730000,1.3870433568954468,
731000,1.2922734022140503,
732000,1.226705551147461,
733000,0.8192629814147949,
734000,1.3242669105529785,
735000,1.379004955291748,
736000,1.1256614923477173,
737000,1.3271849155426025,
738000,1.1694865226745605,
739000,1.1462562084197998,
740000,1.3747503757476807,
741000,0.5315685868263245,
742000,0.5468732118606567,
743000,1.0950952768325806,
744000,0.6046536564826965,
745000,0.4882494807243347,
746000,0.9319815039634705,
747000,0.986110270023346,
748000,1.362674593925476,
749000,1.1328271627426147,
750000,1.135756492614746,
750000,1.135756492614746,0.9370616394281387
751000,0.70169597864151,
752000,1.1079013347625732,
753000,0.3474982678890228,
754000,1.1641029119491577,
755000,0.23726193606853485,
756000,1.180368185043335,
757000,0.7474523782730103,
758000,0.4693537652492523,
759000,1.093306064605713,
760000,1.3446063995361328,
761000,1.3595705032348633,
762000,0.19241900742053986,
763000,0.3342990577220917,
764000,0.33641064167022705,
765000,1.3502436876296997,
766000,0.912924587726593,
767000,1.2469087839126587,
768000,0.7778581380844116,
769000,0.8585180044174194,
770000,0.8145996332168579,
771000,0.3167560398578644,
772000,0.3274272680282593,
773000,1.2185595035552979,
774000,0.5748454332351685,
775000,0.8252846002578735,
776000,1.35442316532135,
777000,0.356880247592926,
778000,1.2740381956100464,
779000,0.9751515984535217,
780000,1.2359052896499634,
781000,0.24047957360744476,
782000,1.3572964668273926,
783000,1.2779260873794556,
784000,0.8429401516914368,
785000,1.298553466796875,
786000,1.1781171560287476,
787000,0.5679325461387634,
788000,0.8192569613456726,
789000,1.3488483428955078,
790000,1.042954921722412,
791000,0.6627055406570435,
792000,1.2003215551376343,
793000,1.3402140140533447,
794000,1.2452422380447388,
795000,0.8732790946960449,
796000,1.1375292539596558,
797000,1.1010234355926514,
798000,0.6980655789375305,
799000,0.5390596389770508,
800000,1.375977873802185,
801000,1.0955630540847778,
802000,0.9737939238548279,
803000,1.341934084892273,
804000,0.2546960115432739,
805000,1.2528523206710815,
806000,1.2362816333770752,
807000,0.9597960710525513,
808000,1.375144124031067,
809000,0.8032323122024536,
810000,1.146540641784668,
811000,1.1946966648101807,
812000,0.9557362794876099,
813000,0.7936851382255554,
814000,0.2719193398952484,
815000,1.203222393989563,
816000,1.3632959127426147,
817000,0.8838889002799988,
818000,1.265580654144287,
819000,0.9896031618118286,
820000,0.5477662682533264,
821000,1.2672512531280518,
822000,1.211132526397705,
823000,1.3562487363815308,
824000,1.1959772109985352,
825000,1.2560240030288696,
826000,0.5347646474838257,
827000,1.1049277782440186,
828000,1.3662290573120117,
829000,1.3524564504623413,
830000,0.7942652106285095,
831000,0.694629967212677,
832000,1.252266764640808,
833000,0.8462976217269897,
834000,1.1655610799789429,
835000,1.0830669403076172,
836000,1.3733718395233154,
837000,1.2309613227844238,
838000,0.2472618669271469,
839000,0.6691095232963562,
840000,1.3532171249389648,
841000,0.6968336701393127,
842000,0.5536113381385803,
843000,1.3350460529327393,
844000,1.1798111200332642,
845000,0.98238605260849,
846000,0.6133144497871399,
847000,1.203341007232666,
848000,0.9254540801048279,
849000,1.2734801769256592,
850000,1.3371045589447021,
851000,1.254271388053894,
852000,0.7334350347518921,
853000,1.3130706548690796,
854000,1.0444121360778809,
855000,1.2525564432144165,
856000,0.691720187664032,
857000,1.292138934135437,
858000,1.191733479499817,
859000,0.8683778047561646,
860000,1.3569036722183228,
861000,0.850281298160553,
862000,0.429143488407135,
863000,0.4632817804813385,
864000,1.3529903888702393,
865000,1.2905137538909912,
866000,0.8080837726593018,
867000,1.0782328844070435,
868000,1.303781270980835,
869000,1.3209739923477173,
870000,1.366033911705017,
871000,1.3312853574752808,
872000,1.1573268175125122,
873000,0.9432808756828308,
874000,0.1709110289812088,
875000,0.9276710152626038,
876000,1.363871693611145,
877000,0.3854297399520874,
878000,1.3615540266036987,
879000,0.7620295286178589,
880000,0.26741528511047363,
881000,1.3558481931686401,
882000,1.3553520441055298,
883000,0.610433042049408,
884000,0.5032284259796143,
885000,1.2567667961120605,
886000,1.3486859798431396,
887000,0.765570342540741,
888000,0.8381840586662292,
889000,1.2882628440856934,
890000,1.1890126466751099,
891000,1.3673725128173828,
892000,0.4434526264667511,
893000,1.230662226676941,
894000,0.9878771901130676,
895000,0.22259889543056488,
896000,1.3117399215698242,
897000,1.2865186929702759,
898000,1.3066054582595825,
899000,1.2408486604690552,
900000,0.48480814695358276,
901000,1.2664222717285156,
902000,0.6266555190086365,
903000,1.1203501224517822,
904000,0.742926836013794,
905000,1.3549591302871704,
906000,1.1140769720077515,
907000,1.2644562721252441,
908000,0.9295831322669983,
909000,1.3775992393493652,
910000,0.24737702310085297,
911000,0.6343161463737488,
912000,1.1654092073440552,
913000,1.0509822368621826,
914000,0.28979775309562683,
915000,1.3718512058258057,
916000,1.3105206489562988,
917000,1.2197558879852295,
918000,0.35484832525253296,
919000,1.099726915359497,
920000,0.7956775426864624,
921000,1.3111597299575806,
922000,0.1772657036781311,
923000,0.6044582724571228,
924000,1.2235685586929321,
925000,0.7555822730064392,
926000,0.6844954490661621,
927000,1.2734845876693726,
928000,1.2156375646591187,
929000,0.7420520782470703,
930000,0.41344761848449707,
931000,0.2770591676235199,
932000,1.2959541082382202,
933000,1.3645673990249634,
934000,1.3300893306732178,
935000,1.2801109552383423,
936000,0.7834436893463135,
937000,1.1687588691711426,
938000,1.1870909929275513,
939000,0.9922521710395813,
940000,1.3579273223876953,
941000,1.2009427547454834,
942000,1.275901436805725,
943000,1.3351922035217285,
944000,0.655267059803009,
945000,1.3657562732696533,
946000,0.6408414244651794,
947000,0.8894910216331482,
948000,0.4244924783706665,
949000,0.6742194890975952,
950000,0.8437805771827698,
951000,1.0534558296203613,
952000,1.365381121635437,
953000,1.0653542280197144,
954000,1.3456681966781616,
955000,1.0263983011245728,
956000,1.343460202217102,
957000,0.41197773814201355,
958000,0.6734241843223572,
959000,1.1462819576263428,
960000,1.0378258228302002,
961000,1.276545524597168,
962000,0.8258936405181885,
963000,1.3405442237854004,
964000,1.3142852783203125,
965000,1.1548815965652466,
966000,0.9175029993057251,
967000,0.4186219871044159,
968000,1.322541356086731,
969000,0.3277464807033539,
970000,1.3620773553848267,
971000,1.1786240339279175,
972000,1.3742961883544922,
973000,0.9554445743560791,
974000,1.2242916822433472,
975000,0.6875314116477966,
976000,0.7461591958999634,
977000,0.6595894694328308,
978000,1.3543533086776733,
979000,1.1871578693389893,
980000,1.3565614223480225,
981000,0.8604661226272583,
982000,1.1436454057693481,
983000,0.7882826924324036,
984000,0.19152233004570007,
985000,1.3711808919906616,
986000,0.4331040382385254,
987000,1.0176533460617065,
988000,1.129309058189392,
989000,0.5804596543312073,
990000,1.3731052875518799,
991000,0.5999489426612854,
992000,1.3583693504333496,
993000,0.7307299375534058,
994000,1.3586199283599854,
995000,1.0427379608154297,
996000,1.2568782567977905,
997000,0.9370306134223938,
998000,0.565758466720581,
999000,0.6623382568359375,
1000000,0.7840837836265564,
1000000,0.7840837836265564,0.938632326722145
1001000,0.6815414428710938,
1002000,1.3601845502853394,
1003000,1.3457883596420288,
1004000,1.0057837963104248,
1005000,1.2346948385238647,
1006000,1.2149907350540161,
1007000,1.2888104915618896,
1008000,1.2595536708831787,
1009000,1.3739303350448608,
1010000,1.355111002922058,
1011000,0.8223820924758911,
1012000,0.46002650260925293,
1013000,1.332352876663208,
1014000,1.32987380027771,
1015000,0.6241658926010132,
1016000,0.8953771591186523,
1017000,0.7461588978767395,
1018000,0.5103603601455688,
1019000,1.0907248258590698,
1020000,1.3102965354919434,
1021000,1.3515006303787231,
1022000,0.8809799551963806,
1023000,0.5891308188438416,
1024000,0.21113631129264832,
1025000,0.8399564027786255,
1026000,1.223333477973938,
1027000,1.2020779848098755,
1028000,0.8253791332244873,
1029000,0.5628044009208679,
1030000,0.2072572559118271,
1031000,0.6267445683479309,
1032000,0.2914646565914154,
1033000,1.356271743774414,
1034000,1.299804925918579,
1035000,0.9665387272834778,
1036000,1.2592756748199463,
1037000,1.2386447191238403,
1038000,0.5429098010063171,
1039000,0.23030586540699005,
1040000,1.234277367591858,
1041000,1.1962116956710815,
1042000,0.9561487436294556,
1043000,1.2065759897232056,
1044000,1.1062545776367188,
1045000,1.3611630201339722,
1046000,0.6726823449134827,
1047000,1.146478295326233,
1048000,0.8358438014984131,
1049000,0.4671383798122406,
1050000,0.7752055525779724,
1051000,1.2974424362182617,
1052000,1.2264188528060913,
1053000,0.7247532606124878,
1054000,1.120803952217102,
1055000,0.34070703387260437,
1056000,1.25125253200531,
1057000,0.8109466433525085,
1058000,1.2807857990264893,
1059000,1.3502551317214966,
1060000,0.8662845492362976,
1061000,1.1502918004989624,
1062000,1.3514697551727295,
1063000,0.7844838500022888,
1064000,0.31608840823173523,
1065000,1.3558398485183716,
1066000,1.341201901435852,
1067000,1.2493597269058228,
1068000,0.9891875386238098,
1069000,0.4863235652446747,
1070000,1.044337272644043,
1071000,0.8795586228370667,
1072000,0.6895598769187927,
1073000,1.1848015785217285,
1074000,0.45889681577682495,
1075000,1.264254093170166,
1076000,1.3138176202774048,
1077000,0.4121341407299042,
1078000,1.2198283672332764,
1079000,1.3650561571121216,
1080000,1.283010721206665,
1081000,0.4260638952255249,
1082000,1.023506760597229,
1083000,0.8283834457397461,
1084000,1.0290565490722656,
1085000,1.374213457107544,
1086000,0.7063900828361511,
1087000,1.1965880393981934,
1088000,1.3404603004455566,
1089000,1.050040364265442,
1090000,0.5593152642250061,
1091000,1.1729222536087036,
1092000,1.1491241455078125,
1093000,0.9786614179611206,
1094000,1.1374661922454834,
1095000,1.2057667970657349,
1096000,0.45749586820602417,
1097000,1.2880373001098633,
1098000,0.430822491645813,
1099000,1.2158303260803223,
1100000,0.43813973665237427,
1101000,0.8675122857093811,
1102000,1.1082124710083008,
1103000,1.30435311794281,
1104000,1.14802885055542,
1105000,0.5625342726707458,
1106000,1.3635497093200684,
1107000,0.4020042419433594,
1108000,1.204008936882019,
1109000,1.1595368385314941,
1110000,1.314395785331726,
1111000,1.1465529203414917,
1112000,0.9768228530883789,
1113000,0.49326297640800476,
1114000,1.1049011945724487,
1115000,1.0881649255752563,
1116000,1.337319016456604,
1117000,1.3370505571365356,
1118000,0.3285790979862213,
1119000,1.3726876974105835,
1120000,0.3515547811985016,
1121000,0.6495444774627686,
1122000,1.363243579864502,
1123000,1.1429595947265625,
1124000,1.1475889682769775,
1125000,1.3637837171554565,
1126000,1.003143310546875,
1127000,0.7908127903938293,
1128000,1.349696159362793,
1129000,1.0302096605300903,
1130000,0.5541921854019165,
1131000,0.7238771915435791,
1132000,1.3521124124526978,
1133000,1.3189817667007446,
1134000,0.960278332233429,
1135000,0.2350980043411255,
1136000,0.9898480772972107,
1137000,1.034956932067871,
1138000,1.2710291147232056,
1139000,1.17682945728302,
1140000,0.9977765679359436,
1141000,1.3521875143051147,
1142000,0.6036503314971924,
1143000,1.3753514289855957,
1144000,1.2317966222763062,
1145000,1.1588454246520996,
1146000,1.359379529953003,
1147000,1.3614219427108765,
1148000,0.42005297541618347,
1149000,1.145721435546875,
1150000,1.3228355646133423,
1151000,1.3410799503326416,
1152000,0.6546232104301453,
1153000,1.298837423324585,
1154000,1.0377856492996216,
1155000,1.1373809576034546,
1156000,1.0010347366333008,
1157000,1.169824242591858,
1158000,1.325939416885376,
1159000,0.9798503518104553,
1160000,1.2200326919555664,
1161000,0.9645824432373047,
1162000,1.376476526260376,
1163000,1.37028169631958,
1164000,0.550118625164032,
1165000,1.1592737436294556,
1166000,0.4565763771533966,
1167000,1.2496668100357056,
1168000,1.2056647539138794,
1169000,1.159543752670288,
1170000,1.2795743942260742,
1171000,0.44414037466049194,
1172000,0.8366138339042664,
1173000,1.1594674587249756,
1174000,1.1986329555511475,
1175000,1.1267287731170654,
1176000,1.3472421169281006,
1177000,0.8434638381004333,
1178000,0.6514841318130493,
1179000,0.6629482507705688,
1180000,1.1110503673553467,
1181000,0.6384345889091492,
1182000,0.5607807636260986,
1183000,0.3798374533653259,
1184000,0.3705559968948364,
1185000,1.3138107061386108,
1186000,1.2385917901992798,
1187000,0.6016855239868164,
1188000,0.31684285402297974,
1189000,0.8610107898712158,
1190000,0.21630914509296417,
1191000,1.166471004486084,
1192000,1.3154455423355103,
1193000,1.1804471015930176,
1194000,1.3722546100616455,
1195000,1.2447887659072876,
1196000,0.47496265172958374,
1197000,0.15500663220882416,
1198000,0.17055743932724,
1199000,0.9631348252296448,
1200000,0.7375062108039856,
1201000,0.8325563073158264,
1202000,0.7429187297821045,
1203000,1.113049030303955,
1204000,0.6878127455711365,
1205000,0.397384375333786,
1206000,1.137029767036438,
1207000,0.3154435157775879,
1208000,1.1385560035705566,
1209000,1.3596357107162476,
1210000,0.18559451401233673,
1211000,0.3635743260383606,
1212000,0.6094228029251099,
1213000,1.059800148010254,
1214000,1.1274168491363525,
1215000,1.1468745470046997,
1216000,1.2582670450210571,
1217000,1.3638907670974731,
1218000,1.2185263633728027,
1219000,0.3837984800338745,
1220000,1.3672510385513306,
1221000,1.0836403369903564,
1222000,0.7462294101715088,
1223000,0.1321420669555664,
1224000,0.5199277997016907,
1225000,0.5610222816467285,
1226000,0.6469659805297852,
1227000,1.3739955425262451,
1228000,0.6503684520721436,
1229000,1.179561972618103,
1230000,0.4803644120693207,
1231000,1.3534435033798218,
1232000,0.8940004706382751,
1233000,0.8643341660499573,
1234000,1.0223568677902222,
1235000,0.9623787999153137,
1236000,1.3344285488128662,
1237000,1.17751145362854,
1238000,1.2345821857452393,
1239000,1.236190915107727,
1240000,1.1995129585266113,
1241000,1.0843499898910522,
1242000,1.3534786701202393,
1243000,1.1721653938293457,
1244000,0.47021281719207764,
1245000,1.016069769859314,
1246000,1.228793978691101,
1247000,1.2926857471466064,
1248000,1.3658839464187622,
1249000,1.3646458387374878,
1250000,0.9747648239135742,
1250000,0.9747648239135742,0.9654038023948669
1251000,1.1223351955413818,
1252000,1.355940580368042,
1253000,0.635816752910614,
1254000,1.316439151763916,
1255000,0.7721737623214722,
1256000,0.917617678642273,
1257000,0.8708491325378418,
1258000,1.0883855819702148,
1259000,1.01014244556427,
1260000,0.7282176613807678,
1261000,0.6329076886177063,
1262000,0.6975635290145874,
1263000,0.272916704416275,
1264000,0.4539795219898224,
1265000,0.19372650980949402,
1266000,0.8926612734794617,
1267000,0.18803948163986206,
1268000,1.0890367031097412,
1269000,1.202547311782837,
1270000,0.728029727935791,
1271000,1.3550580739974976,
1272000,1.3213016986846924,
1273000,1.3267277479171753,
1274000,0.9480992555618286,
1275000,1.3251134157180786,
1276000,1.0348873138427734,
1277000,1.3572165966033936,
1278000,0.3164680004119873,
1279000,1.361626386642456,
1280000,0.8233885765075684,
1281000,1.357231616973877,
1282000,1.2661876678466797,
1283000,1.13334059715271,
1284000,1.3607062101364136,
1285000,1.363330602645874,
1286000,1.3630279302597046,
1287000,0.6309431195259094,
1288000,1.3232553005218506,
1289000,1.0718172788619995,
1290000,1.2755340337753296,
1291000,1.3694181442260742,
1292000,0.3018822968006134,
1293000,0.8092438578605652,
1294000,0.40293779969215393,
1295000,0.8395281434059143,
1296000,1.2683824300765991,
1297000,1.0404822826385498,
1298000,1.1348341703414917,
1299000,1.2885336875915527,
1300000,1.2563302516937256,
1301000,0.860816240310669,
1302000,1.0271812677383423,
1303000,0.921144962310791,
1304000,1.2356868982315063,
1305000,1.3099018335342407,
1306000,1.0637211799621582,
1307000,0.8035574555397034,
1308000,0.2504793107509613,
1309000,0.6658614277839661,
1310000,1.1294652223587036,
1311000,1.200682520866394,
1312000,1.2157398462295532,
1313000,1.359951138496399,
1314000,1.1632918119430542,
1315000,1.3698581457138062,
1316000,0.3019469678401947,
1317000,1.333839774131775,
1318000,0.28629955649375916,
1319000,1.1498013734817505,
1320000,1.199702501296997,
1321000,1.351401448249817,
1322000,0.31222423911094666,
1323000,1.2807979583740234,
1324000,0.19355522096157074,
1325000,0.47351670265197754,
1326000,1.042780876159668,
1327000,0.9020610451698303,
1328000,0.8510136008262634,
1329000,1.2136597633361816,
1330000,1.2363966703414917,
1331000,0.18050043284893036,
1332000,0.34750550985336304,
1333000,1.0568394660949707,
1334000,1.2620288133621216,
1335000,1.2389353513717651,
1336000,0.28360024094581604,
1337000,1.1630903482437134,
1338000,1.3529860973358154,
1339000,0.735020101070404,
1340000,0.7777854204177856,
1341000,0.24731755256652832,
1342000,1.289188265800476,
1343000,0.8241084218025208,
1344000,1.273139238357544,
1345000,0.5982789397239685,
1346000,1.3511992692947388,
1347000,0.40769705176353455,
1348000,1.3529480695724487,
1349000,1.3502503633499146,
1350000,0.7537238001823425,
1351000,0.5767555832862854,
1352000,0.9051910042762756,
1353000,0.525280237197876,
1354000,1.3843286037445068,
1355000,0.3663468360900879,
1356000,1.3608179092407227,
1357000,0.7433609366416931,
1358000,1.0315617322921753,
1359000,0.6370487809181213,
1360000,1.0628386735916138,
1361000,1.2062385082244873,
1362000,1.242777705192566,
1363000,1.1585670709609985,
1364000,1.1892204284667969,
1365000,1.0836987495422363,
1366000,1.333946704864502,
1367000,0.9133173227310181,
1368000,0.6124657392501831,
1369000,0.29815107583999634,
1370000,0.20172570645809174,
1371000,1.301478385925293,
1372000,0.23849716782569885,
1373000,0.8951231241226196,
1374000,0.29459086060523987,
1375000,1.254140853881836,
1376000,1.125198483467102,
1377000,1.110954761505127,
1378000,1.324910283088684,
1379000,0.5986496210098267,
1380000,1.2076576948165894,
1381000,1.1001112461090088,
1382000,0.8966700434684753,
1383000,0.6191995739936829,
1384000,0.7738540172576904,
1385000,1.1301032304763794,
1386000,1.3820651769638062,
1387000,1.2421765327453613,
1388000,1.2054615020751953,
1389000,1.3773664236068726,
1390000,0.24822211265563965,
1391000,0.8627650737762451,
1392000,1.179153561592102,
1393000,0.5541295409202576,
1394000,1.3600856065750122,
1395000,0.45627662539482117,
1396000,1.249071478843689,
1397000,1.0620310306549072,
1398000,1.2336736917495728,
1399000,1.2110337018966675,
1400000,1.0215158462524414,
1401000,1.126800775527954,
1402000,1.3806428909301758,
1403000,1.3300361633300781,
1404000,0.9474033117294312,
1405000,0.5888442993164062,
1406000,0.9692472219467163,
1407000,0.787647545337677,
1408000,0.612784206867218,
1409000,1.3400763273239136,
1410000,1.2941235303878784,
1411000,1.3028514385223389,
1412000,1.3707650899887085,
1413000,1.3274297714233398,
1414000,1.0401983261108398,
1415000,1.1343387365341187,
1416000,0.4048779308795929,
1417000,1.2144454717636108,
1418000,0.8289009928703308,
1419000,1.0837173461914062,
1420000,0.8053292036056519,
1421000,1.1202529668807983,
1422000,0.8419871926307678,
1423000,1.3609541654586792,
1424000,0.8578168153762817,
1425000,0.42366406321525574,
1426000,1.343684434890747,
1427000,1.2460328340530396,
1428000,1.034196138381958,
1429000,0.43344947695732117,
1430000,0.7124021053314209,
1431000,0.3858155310153961,
1432000,1.3566862344741821,
1433000,0.9651942253112793,
1434000,0.42145293951034546,
1435000,1.0056289434432983,
1436000,1.3514021635055542,
1437000,1.3603832721710205,
1438000,1.2817625999450684,
1439000,0.6638060808181763,
1440000,1.1597329378128052,
1441000,0.8477531671524048,
1442000,1.1931240558624268,
1443000,1.101844310760498,
1444000,0.6989335417747498,
1445000,0.8635154962539673,
1446000,1.262429118156433,
1447000,1.3717758655548096,
1448000,1.2886862754821777,
1449000,0.8909768462181091,
1450000,1.1057188510894775,
1451000,0.554976224899292,
1452000,1.2731164693832397,
1453000,1.3026762008666992,
1454000,1.3362854719161987,
1455000,1.3633215427398682,
1456000,0.5204770565032959,
1457000,1.2245336771011353,
1458000,1.153092622756958,
1459000,0.6574851274490356,
1460000,0.9244756102561951,
1461000,0.26095160841941833,
1462000,1.3054841756820679,
1463000,0.6502218842506409,
1464000,0.19179366528987885,
1465000,0.7299623489379883,
1466000,1.046444058418274,
1467000,1.3753217458724976,
1468000,1.1828639507293701,
1469000,0.5568386316299438,
1470000,0.9628969430923462,
1471000,0.33070096373558044,
1472000,0.5682418346405029,
1473000,0.9077548384666443,
1474000,1.2774852514266968,
1475000,1.2932840585708618,
1476000,1.3124537467956543,
1477000,1.2809722423553467,
1478000,1.1255568265914917,
1479000,1.3030030727386475,
1480000,0.8012306094169617,
1481000,1.2269113063812256,
1482000,0.9496304392814636,
1483000,1.2965072393417358,
1484000,0.3783339560031891,
1485000,1.2902145385742188,
1486000,0.8919903039932251,
1487000,1.2000529766082764,
1488000,0.7079458832740784,
1489000,0.9695683121681213,
1490000,0.8355018496513367,
1491000,0.6543009281158447,
1492000,1.3462259769439697,
1493000,1.3458291292190552,
1494000,1.1525118350982666,
1495000,1.3632053136825562,
1496000,1.2978515625,
1497000,1.2345623970031738,
1498000,1.3451284170150757,
1499000,1.3649104833602905,
1500000,0.7720306515693665,
1500000,0.7720306515693665,0.9559368777275086
1501000,0.20001530647277832,
1502000,0.8000162243843079,
1503000,0.4144556224346161,
1504000,1.370782494544983,
1505000,0.6507716178894043,
1506000,1.3429807424545288,
1507000,1.353379487991333,
1508000,1.0995192527770996,
1509000,1.1587306261062622,
1510000,0.15958738327026367,
1511000,0.39716190099716187,
1512000,0.7982079982757568,
1513000,1.3729161024093628,
1514000,0.7603468894958496,
1515000,1.3552234172821045,
1516000,0.23894181847572327,
1517000,0.46549737453460693,
1518000,0.6312282681465149,
1519000,1.0592149496078491,
1520000,0.194886714220047,
1521000,0.9379242062568665,
1522000,0.6156700849533081,
1523000,1.370295524597168,
1524000,0.5047078728675842,
1525000,1.356255054473877,
1526000,1.16026771068573,
1527000,1.2457784414291382,
1528000,1.266215205192566,
1529000,0.36098727583885193,
1530000,0.25806909799575806,
1531000,1.1602751016616821,
1532000,0.9820409417152405,
1533000,1.2777196168899536,
1534000,1.1794493198394775,
1535000,1.315865159034729,
1536000,1.3464035987854004,
1537000,0.37200063467025757,
1538000,0.6239303946495056,
1539000,1.000334620475769,
1540000,0.4103080928325653,
1541000,0.599606990814209,
1542000,0.6632339358329773,
1543000,0.3178175091743469,
1544000,0.8249708414077759,
1545000,1.2420554161071777,
1546000,0.6675487160682678,
1547000,1.2593718767166138,
1548000,1.3441563844680786,
1549000,0.6647115349769592,
1550000,0.5906960964202881,
1551000,0.2627231776714325,
1552000,0.7533556818962097,
1553000,1.2094142436981201,
1554000,1.1667094230651855,
1555000,0.9076657295227051,
1556000,1.3422731161117554,
1557000,0.6636039018630981,
1558000,0.6789458990097046,
1559000,1.1005414724349976,
1560000,1.2410658597946167,
1561000,0.4315403401851654,
1562000,1.0892572402954102,
1563000,1.3395907878875732,
1564000,1.369584560394287,
1565000,1.3618055582046509,
1566000,0.7117392420768738,
1567000,1.340441107749939,
1568000,0.9132516980171204,
1569000,1.3379732370376587,
1570000,0.6168631911277771,
1571000,1.2662835121154785,
1572000,0.44499078392982483,
1573000,0.30005523562431335,
1574000,0.7189264297485352,
1575000,0.4042637050151825,
1576000,1.360641598701477,
1577000,1.0999521017074585,
1578000,0.2816755771636963,
1579000,1.2642372846603394,
1580000,1.030676007270813,
1581000,1.3492966890335083,
1582000,0.534058153629303,
1583000,0.23439902067184448,
1584000,0.648517370223999,
1585000,1.2847529649734497,
1586000,0.7125324606895447,
1587000,1.353277325630188,
1588000,0.7331913113594055,
1589000,0.9571654200553894,
1590000,1.0767923593521118,
1591000,1.2072701454162598,
1592000,0.7293066382408142,
1593000,1.3378255367279053,
1594000,1.372093677520752,
1595000,0.9343835711479187,
1596000,0.7423338890075684,
1597000,0.9789913892745972,
1598000,1.2140990495681763,
1599000,1.1899783611297607,
1600000,1.2666189670562744,
1601000,0.6656237840652466,
1602000,1.3531452417373657,
1603000,1.3517653942108154,
1604000,0.3879105746746063,
1605000,0.17172564566135406,
1606000,0.30904337763786316,
1607000,1.0874457359313965,
1608000,0.6088606119155884,
1609000,1.3351317644119263,
1610000,1.3182727098464966,
1611000,1.2843317985534668,
1612000,1.3793846368789673,
1613000,1.3641808032989502,
1614000,0.6409158110618591,
1615000,1.3510212898254395,
1616000,0.3427773118019104,
1617000,0.6009321212768555,
1618000,1.1407438516616821,
1619000,1.3061614036560059,
1620000,1.1484633684158325,
1621000,1.0520058870315552,
1622000,0.7134554982185364,
1623000,1.3493852615356445,
1624000,1.362208366394043,
1625000,1.1477856636047363,
1626000,1.36667001247406,
1627000,0.8826236128807068,
1628000,1.354455590248108,
1629000,1.2391453981399536,
1630000,1.2346301078796387,
1631000,0.46666860580444336,
1632000,0.6323993802070618,
1633000,0.19121649861335754,
1634000,1.3063428401947021,
1635000,0.6868651509284973,
1636000,0.7054750323295593,
1637000,1.3481085300445557,
1638000,1.1007401943206787,
1639000,0.3276575803756714,
1640000,1.3707529306411743,
1641000,0.7999294400215149,
1642000,1.1730901002883911,
1643000,0.8937066197395325,
1644000,1.3299449682235718,
1645000,1.3608040809631348,
1646000,1.22239351272583,
1647000,0.8584920167922974,
1648000,0.8643767833709717,
1649000,0.9179195761680603,
1650000,1.0269088745117188,
1651000,0.31265977025032043,
1652000,0.7695460319519043,
1653000,0.2412780523300171,
1654000,0.506502091884613,
1655000,0.46514174342155457,
1656000,0.7159782648086548,
1657000,0.6707183718681335,
1658000,0.9247759580612183,
1659000,1.1233725547790527,
1660000,0.7324719429016113,
1661000,1.3718397617340088,
1662000,1.0720257759094238,
1663000,0.28081321716308594,
1664000,0.5824084281921387,
1665000,1.2291736602783203,
1666000,0.8204912543296814,
1667000,1.3123782873153687,
1668000,0.3295319378376007,
1669000,0.9907602071762085,
1670000,0.778138279914856,
1671000,1.3554794788360596,
1672000,1.3939036130905151,
1673000,0.25748488306999207,
1674000,0.9701468348503113,
1675000,1.3318424224853516,
1676000,0.7009488940238953,
1677000,0.28466564416885376,
1678000,0.36249840259552,
1679000,1.0098891258239746,
1680000,0.5765438079833984,
1681000,1.3536089658737183,
1682000,0.31178078055381775,
1683000,1.3757861852645874,
1684000,0.3994496464729309,
1685000,1.3024028539657593,
1686000,1.3548449277877808,
1687000,0.20416845381259918,
1688000,0.8339018225669861,
1689000,0.3554438054561615,
1690000,1.368353247642517,
1691000,1.3652052879333496,
1692000,1.2214539051055908,
1693000,1.1361958980560303,
1694000,1.3274011611938477,
1695000,1.278505802154541,
1696000,1.0125463008880615,
1697000,1.3680938482284546,
1698000,1.285227656364441,
1699000,1.116713047027588,
1700000,1.031100869178772,
1701000,1.3278452157974243,
1702000,0.57492595911026,
1703000,1.2144347429275513,
1704000,1.3426287174224854,
1705000,0.5173076391220093,
1706000,0.47022515535354614,
1707000,1.2019875049591064,
1708000,0.7333095669746399,
1709000,0.6070706844329834,
1710000,1.318723440170288,
1711000,1.2977434396743774,
1712000,1.256955623626709,
1713000,1.1802129745483398,
1714000,1.2597434520721436,
1715000,1.3748773336410522,
1716000,1.3109674453735352,
1717000,0.30409979820251465,
1718000,0.5080194473266602,
1719000,0.7344034910202026,
1720000,1.1687580347061157,
1721000,1.3763936758041382,
1722000,0.4357796311378479,
1723000,1.219894528388977,
1724000,0.9714603424072266,
1725000,1.2793102264404297,
1726000,1.3730367422103882,
1727000,1.3519141674041748,
1728000,0.19580653309822083,
1729000,1.0620332956314087,
1730000,1.3704818487167358,
1731000,0.6990917921066284,
1732000,0.6981489658355713,
1733000,1.0910248756408691,
1734000,1.212713360786438,
1735000,0.7996135354042053,
1736000,1.3597978353500366,
1737000,0.9818601012229919,
1738000,0.7484596371650696,
1739000,0.40154486894607544,
1740000,1.309068202972412,
1741000,0.6422529816627502,
1742000,0.8779671788215637,
1743000,1.2558848857879639,
1744000,0.24579176306724548,
1745000,1.134534478187561,
1746000,1.0557576417922974,
1747000,0.4966237246990204,
1748000,0.5319215059280396,
1749000,1.3133548498153687,
1750000,1.2069116830825806,
1750000,1.2069116830825806,0.9375329563021659
1751000,1.3040353059768677,
1752000,1.3655561208724976,
1753000,1.3519495725631714,
1754000,1.3615705966949463,
1755000,0.8340141177177429,
1756000,0.2526516318321228,
1757000,0.8929485082626343,
1758000,0.9207344651222229,
1759000,1.351157546043396,
1760000,1.0056557655334473,
1761000,0.9618327617645264,
1762000,0.6362810730934143,
1763000,1.2421627044677734,
1764000,1.3502715826034546,
1765000,0.6766217947006226,
1766000,1.2281570434570312,
1767000,1.3303611278533936,
1768000,0.4093327224254608,
1769000,0.5085253715515137,
1770000,1.1761394739151,
1771000,0.18806461989879608,
1772000,1.142457127571106,
1773000,0.6433732509613037,
1774000,1.2157129049301147,
1775000,0.4975072145462036,
1776000,1.060799241065979,
1777000,1.0341198444366455,
1778000,1.180052638053894,
1779000,1.3328094482421875,
1780000,0.6730024814605713,
1781000,1.3645374774932861,
1782000,1.220744252204895,
1783000,0.31727135181427,
1784000,0.6349251866340637,
1785000,0.746161699295044,
1786000,0.27369511127471924,
1787000,1.3080397844314575,
1788000,1.1880642175674438,
1789000,1.0302742719650269,
1790000,1.3041645288467407,
1791000,0.9294641017913818,
1792000,1.287782073020935,
1793000,1.2142499685287476,
1794000,0.44481438398361206,
1795000,0.473346471786499,
1796000,1.180099368095398,
1797000,0.6435664892196655,
1798000,1.3575636148452759,
1799000,1.212842583656311,
1800000,1.2249882221221924,
1801000,1.0886249542236328,
1802000,0.5374023914337158,
1803000,1.368465781211853,
1804000,0.5516068935394287,
1805000,1.1613436937332153,
1806000,1.3661649227142334,
1807000,0.2619813084602356,
1808000,1.1427122354507446,
1809000,0.38430818915367126,
1810000,1.2428382635116577,
1811000,1.2090108394622803,
1812000,1.1160308122634888,
1813000,1.2716139554977417,
1814000,0.41487452387809753,
1815000,0.6492823362350464,
1816000,1.1240477561950684,
1817000,0.57901531457901,
1818000,0.4681476056575775,
1819000,1.2822413444519043,
1820000,0.5719518065452576,
1821000,1.368817925453186,
1822000,1.1512831449508667,
1823000,0.9527319669723511,
1824000,0.3538654148578644,
1825000,0.27543795108795166,
1826000,0.8845920562744141,
1827000,1.1422463655471802,
1828000,1.1828800439834595,
1829000,0.6785339713096619,
1830000,0.4639888405799866,
1831000,0.9592862725257874,
1832000,0.34609076380729675,
1833000,1.0245555639266968,
1834000,1.2775790691375732,
1835000,1.3784937858581543,
1836000,1.3573271036148071,
1837000,0.7962361574172974,
1838000,1.3223673105239868,
1839000,1.3610190153121948,
1840000,1.1304330825805664,
1841000,1.3613791465759277,
1842000,0.7975316643714905,
1843000,1.1034880876541138,
1844000,1.0663865804672241,
1845000,0.5825937986373901,
1846000,1.3660858869552612,
1847000,0.9305510520935059,
1848000,1.2713079452514648,
1849000,1.130025029182434,
1850000,0.5635151863098145,
1851000,1.368282675743103,
1852000,0.3255016803741455,
1853000,0.9103685021400452,
1854000,0.6413233876228333,
1855000,1.3594504594802856,
1856000,1.3620703220367432,
1857000,0.49083930253982544,
1858000,0.957737147808075,
1859000,1.0576140880584717,
1860000,0.6422911882400513,
1861000,1.36261785030365,
1862000,1.050630807876587,
1863000,0.7519071698188782,
1864000,0.5446832776069641,
1865000,1.3406826257705688,
1866000,1.215848684310913,
1867000,1.1929887533187866,
1868000,0.5734207034111023,
1869000,1.3848317861557007,
1870000,1.310922622680664,
1871000,0.6666881442070007,
1872000,0.7252000570297241,
1873000,1.2572730779647827,
1874000,1.183210015296936,
1875000,1.3493455648422241,
1876000,1.3323339223861694,
1877000,1.0021343231201172,
1878000,1.2504092454910278,
1879000,0.22418749332427979,
1880000,1.3675240278244019,
1881000,1.2933598756790161,
1882000,1.0882357358932495,
1883000,0.7922968864440918,
1884000,1.241089105606079,
1885000,0.7827948927879333,
1886000,1.3645782470703125,
1887000,0.9013729095458984,
1888000,0.876675009727478,
1889000,1.263778805732727,
1890000,0.740437924861908,
1891000,0.9688282608985901,
1892000,0.7807841300964355,
1893000,1.3730218410491943,
1894000,1.1627919673919678,
1895000,1.2643319368362427,
1896000,0.8833388686180115,
1897000,1.3624207973480225,
1898000,0.7915199995040894,
1899000,1.0063365697860718,
1900000,0.8210697174072266,
1901000,0.7079322934150696,
1902000,0.5620943903923035,
1903000,0.9825376272201538,
1904000,0.6072890758514404,
1905000,1.3609998226165771,
1906000,1.1341336965560913,
1907000,1.3511228561401367,
1908000,0.47379857301712036,
1909000,0.22249449789524078,
1910000,1.3486690521240234,
1911000,1.360984444618225,
1912000,1.2292447090148926,
1913000,1.0016307830810547,
1914000,1.3762849569320679,
1915000,1.3613166809082031,
1916000,0.7418032884597778,
1917000,1.2632819414138794,
1918000,0.742838442325592,
1919000,1.1245455741882324,
1920000,1.2023403644561768,
1921000,1.1795138120651245,
1922000,0.6438225507736206,
1923000,0.20852048695087433,
1924000,0.385751873254776,
1925000,0.24911294877529144,
1926000,0.9898778200149536,
1927000,1.051681399345398,
1928000,1.2225316762924194,
1929000,0.6819513440132141,
1930000,1.3714758157730103,
1931000,0.8904268145561218,
1932000,1.3700207471847534,
1933000,0.28301292657852173,
1934000,1.2460854053497314,
1935000,0.2508516311645508,
1936000,1.2470836639404297,
1937000,1.110885500907898,
1938000,0.8277872204780579,
1939000,1.3551136255264282,
1940000,1.0273776054382324,
1941000,1.1669878959655762,
1942000,1.3638533353805542,
1943000,0.43471503257751465,
1944000,0.1882125437259674,
1945000,1.3190979957580566,
1946000,1.2323347330093384,
1947000,0.4873514771461487,
1948000,0.9951196908950806,
1949000,0.5496322512626648,
1950000,0.693259596824646,
1951000,1.0003665685653687,
1952000,0.6577923893928528,
1953000,0.35851895809173584,
1954000,0.9450769424438477,
1955000,1.2235418558120728,
1956000,1.279508352279663,
1957000,1.2905714511871338,
1958000,0.4223712682723999,
1959000,0.363334983587265,
1960000,1.356732964515686,
1961000,1.168187141418457,
1962000,1.3526835441589355,
1963000,1.364092469215393,
1964000,1.0853153467178345,
1965000,0.7824113368988037,
1966000,1.3443328142166138,
1967000,1.0101065635681152,
1968000,0.34028351306915283,
1969000,0.6067424416542053,
1970000,1.0530990362167358,
1971000,1.168144702911377,
1972000,1.2648844718933105,
1973000,0.6374229788780212,
1974000,0.6943575143814087,
1975000,1.170377254486084,
1976000,1.3822544813156128,
1977000,0.7106680274009705,
1978000,1.348533034324646,
1979000,0.3693027198314667,
1980000,1.2741458415985107,
1981000,1.3639229536056519,
1982000,1.3448070287704468,
1983000,0.39454901218414307,
1984000,0.5227863788604736,
1985000,0.4128192961215973,
1986000,0.9205402731895447,
1987000,0.37551599740982056,
1988000,1.342337965965271,
1989000,0.9414433836936951,
1990000,0.33919984102249146,
1991000,0.5397623181343079,
1992000,1.3495043516159058,
1993000,1.2768936157226562,
1994000,1.367911696434021,
1995000,0.9540342688560486,
1996000,1.3446636199951172,
1997000,0.3680420517921448,
1998000,0.6662495136260986,
1999000,1.2581467628479004,
2000000,0.3322525918483734,
2000000,0.3322525918483734,0.9293880850076676
2001000,1.1854585409164429,
2002000,0.4611644148826599,
2003000,1.0448616743087769,
2004000,0.911514401435852,
2005000,0.8511919975280762,
2006000,1.3348666429519653,
2007000,0.6437994837760925,
2008000,1.343812108039856,
2009000,1.341614842414856,
2010000,1.1547472476959229,
2011000,1.2401260137557983,
2012000,1.3689548969268799,
2013000,1.3555036783218384,
2014000,1.1277987957000732,
2015000,0.9820948243141174,
2016000,1.2369086742401123,
2017000,0.4692280888557434,
2018000,0.6022955179214478,
2019000,0.620919942855835,
2020000,1.3619083166122437,
2021000,1.3055987358093262,
2022000,1.0518701076507568,
2023000,1.218131422996521,
2024000,0.8045408129692078,
2025000,1.258137822151184,
2026000,0.35273995995521545,
2027000,0.2806360125541687,
2028000,0.9888854026794434,
2029000,0.6644997000694275,
2030000,0.520971417427063,
2031000,0.7124713063240051,
2032000,0.3559248149394989,
2033000,0.6002766489982605,
2034000,1.2057795524597168,
2035000,1.3566046953201294,
2036000,1.2406326532363892,
2037000,0.6463613510131836,
2038000,0.9384437203407288,
2039000,1.243651032447815,
2040000,1.1360911130905151,
2041000,0.7075368165969849,
2042000,0.813071072101593,
2043000,1.1717840433120728,
2044000,1.3332635164260864,
2045000,0.8410233855247498,
2046000,1.113202691078186,
2047000,1.3522053956985474,
2048000,0.2664566934108734,
2049000,1.0243701934814453,
2050000,1.3667582273483276,
2051000,1.2978019714355469,
2052000,1.1556495428085327,
2053000,1.355828881263733,
2054000,1.275722622871399,
2055000,0.8535425662994385,
2056000,1.1864781379699707,
2057000,1.3420076370239258,
2058000,0.7604697942733765,
2059000,1.3708932399749756,
2060000,1.1755154132843018,
2061000,1.0198532342910767,
2062000,1.3442583084106445,
2063000,1.1504794359207153,
2064000,0.45691728591918945,
2065000,1.2321414947509766,
2066000,1.2849799394607544,
2067000,0.654491126537323,
2068000,0.952154815196991,
2069000,1.3854279518127441,
2070000,1.2988978624343872,
2071000,1.190501093864441,
2072000,1.3549622297286987,
2073000,1.3362916707992554,
2074000,0.8390181064605713,
2075000,1.2058733701705933,
2076000,0.5352271795272827,
2077000,1.1727186441421509,
2078000,1.0986391305923462,
2079000,0.9981304407119751,
2080000,0.3666703402996063,
2081000,1.2226893901824951,
2082000,1.3626983165740967,
2083000,0.8287437558174133,
2084000,1.1762464046478271,
2085000,0.930144727230072,
2086000,0.9993583559989929,
2087000,1.1385364532470703,
2088000,1.3456761837005615,
2089000,1.3475537300109863,
2090000,0.6528576612472534,
2091000,0.2516721487045288,
2092000,0.8400635719299316,
2093000,0.841127336025238,
2094000,1.277079701423645,
2095000,0.8573572039604187,
2096000,0.7783135175704956,
2097000,0.880359947681427,
2098000,1.1448924541473389,
2099000,1.331512212753296,
2100000,1.264855980873108,
2101000,1.3718392848968506,
2102000,0.7633099555969238,
2103000,0.24157586693763733,
2104000,1.2686978578567505,
2105000,1.2049386501312256,
2106000,0.5474866628646851,
2107000,0.3757114112377167,
2108000,0.6545298099517822,
2109000,1.214725375175476,
2110000,0.17208422720432281,
2111000,1.07137930393219,
2112000,0.2634502649307251,
2113000,1.1981483697891235,
2114000,0.7196328043937683,
2115000,1.1336759328842163,
2116000,0.6554426550865173,
2117000,1.173479437828064,
2118000,1.170228123664856,
2119000,0.9896913170814514,
2120000,1.3778376579284668,
2121000,1.1804317235946655,
2122000,1.1869856119155884,
2123000,1.0880428552627563,
2124000,1.35410475730896,
2125000,1.3680195808410645,
2126000,1.167264699935913,
2127000,1.2805571556091309,
2128000,1.1882215738296509,
2129000,1.3663790225982666,
2130000,1.3077439069747925,
2131000,1.0384869575500488,
2132000,0.2608581781387329,
2133000,0.27030178904533386,
2134000,0.21074995398521423,
2135000,0.7832080721855164,
2136000,1.3760290145874023,
2137000,0.9013697504997253,
2138000,1.2694364786148071,
2139000,1.2361927032470703,
2140000,1.3665233850479126,
2141000,1.0423940420150757,
2142000,1.2168246507644653,
2143000,0.8135682940483093,
2144000,1.2656750679016113,
2145000,1.3645052909851074,
2146000,1.3561155796051025,
2147000,0.6374887824058533,
2148000,1.2229321002960205,
2149000,0.7728360891342163,
2150000,0.7670254111289978,
2151000,1.3757479190826416,
2152000,1.3644864559173584,
2153000,0.5101195573806763,
2154000,0.8496697545051575,
2155000,1.3460330963134766,
2156000,1.3620078563690186,
2157000,0.8847916126251221,
2158000,1.2833484411239624,
2159000,0.5683658719062805,
2160000,1.2757182121276855,
2161000,0.6330106854438782,
2162000,0.6232766509056091,
2163000,0.7657663822174072,
2164000,0.5861679315567017,
2165000,0.4279209077358246,
2166000,1.0557780265808105,
2167000,1.1837753057479858,
2168000,0.7741022706031799,
2169000,1.257325530052185,
2170000,0.4598607122898102,
2171000,0.49847954511642456,
2172000,1.3695781230926514,
2173000,1.1423629522323608,
2174000,1.102587342262268,
2175000,1.3555538654327393,
2176000,0.5863240957260132,
2177000,1.1000676155090332,
2178000,1.2356057167053223,
2179000,1.1898610591888428,
2180000,0.711418867111206,
2181000,1.3571933507919312,
2182000,1.105085015296936,
2183000,1.1349159479141235,
2184000,1.1993986368179321,
2185000,0.5210809707641602,
2186000,1.3454381227493286,
2187000,1.0458241701126099,
2188000,0.7212183475494385,
2189000,1.3520941734313965,
2190000,0.22868426144123077,
2191000,1.341043472290039,
2192000,0.8977804780006409,
2193000,0.6523880958557129,
2194000,0.6547178626060486,
2195000,1.2494126558303833,
2196000,1.3458040952682495,
2197000,1.3397678136825562,
2198000,1.3024250268936157,
2199000,0.3381037712097168,
2200000,1.326854944229126,
2201000,1.3426222801208496,
2202000,1.118975281715393,
2203000,0.9185404181480408,
2204000,1.322198510169983,
2205000,1.0454756021499634,
2206000,1.3636037111282349,
2207000,0.623677134513855,
2208000,1.3093221187591553,
2209000,1.169379472732544,
2210000,0.8153237700462341,
2211000,1.219443440437317,
2212000,0.14809584617614746,
2213000,0.5841791033744812,
2214000,1.0885378122329712,
2215000,1.3454076051712036,
2216000,1.1668790578842163,
2217000,1.0371830463409424,
2218000,0.9056571125984192,
2219000,0.3860201835632324,
2220000,1.2868033647537231,
2221000,0.687286913394928,
2222000,0.9718966484069824,
2223000,0.6961361765861511,
2224000,1.3529999256134033,
2225000,1.3307878971099854,
2226000,1.3590691089630127,
2227000,1.1457855701446533,
2228000,1.364507794380188,
2229000,0.45820116996765137,
2230000,1.3613669872283936,
2231000,1.3453730344772339,
2232000,1.3489741086959839,
2233000,1.1325526237487793,
2234000,1.3589961528778076,
2235000,1.057826280593872,
2236000,0.2987557053565979,
2237000,1.0633479356765747,
2238000,0.7138797044754028,
2239000,1.1821657419204712,
2240000,1.2619754076004028,
2241000,1.2635539770126343,
2242000,1.371212363243103,
2243000,1.0720363855361938,
2244000,1.1295299530029297,
2245000,1.031510591506958,
2246000,1.0788862705230713,
2247000,1.2981892824172974,
2248000,1.3570994138717651,
2249000,0.2895456850528717,
2250000,1.091725468635559,
2250000,1.091725468635559,0.9514264720678329
2251000,1.1720399856567383,
2252000,1.3325378894805908,
2253000,1.2808395624160767,
2254000,1.3653960227966309,
2255000,0.7431656122207642,
2256000,1.2250632047653198,
2257000,1.0262216329574585,
2258000,1.2766485214233398,
2259000,1.2811514139175415,
2260000,0.8764177560806274,
2261000,1.22342050075531,
2262000,1.253674030303955,
2263000,0.6585955619812012,
2264000,0.9114163517951965,
2265000,0.6122302412986755,
2266000,1.3210903406143188,
2267000,0.6765881180763245,
2268000,0.4170236885547638,
2269000,0.6688416004180908,
2270000,1.2738124132156372,
2271000,0.6708210706710815,
2272000,0.4574302136898041,
2273000,1.2090163230895996,
2274000,0.3899168074131012,
2275000,1.355122685432434,
2276000,1.3096263408660889,
2277000,0.6396840214729309,
2278000,1.3133653402328491,
2279000,1.3534669876098633,
2280000,0.5941009521484375,
2281000,1.3675659894943237,
2282000,1.1753679513931274,
2283000,0.6531774997711182,
2284000,1.0937976837158203,
2285000,0.1866786777973175,
2286000,1.3423649072647095,
2287000,0.7074134349822998,
2288000,0.5015515685081482,
2289000,0.24535109102725983,
2290000,0.7203935980796814,
2291000,1.2946727275848389,
2292000,1.2052603960037231,
2293000,0.9268069863319397,
2294000,0.543086051940918,
2295000,0.885961651802063,
2296000,0.4887407124042511,
2297000,0.3864400088787079,
2298000,0.22614715993404388,
2299000,1.3396294116973877,
2300000,1.3553842306137085,
2301000,1.0205001831054688,
2302000,1.3614596128463745,
2303000,1.3118325471878052,
2304000,1.353362798690796,
2305000,1.2502750158309937,
2306000,1.2082302570343018,
2307000,1.313711404800415,
2308000,1.1244083642959595,
2309000,1.348259449005127,
2310000,1.3641270399093628,
2311000,1.3415815830230713,
2312000,0.33044469356536865,
2313000,1.242159128189087,
2314000,0.29652392864227295,
2315000,1.3191198110580444,
2316000,0.19788770377635956,
2317000,0.8113933801651001,
2318000,1.1552777290344238,
2319000,0.45058736205101013,
2320000,1.240151286125183,
2321000,1.3590397834777832,
2322000,1.3354898691177368,
2323000,0.8939810395240784,
2324000,1.2374908924102783,
2325000,1.354982852935791,
2326000,0.6705095767974854,
2327000,1.3044195175170898,
2328000,0.9211992025375366,
2329000,1.265443205833435,
2330000,1.0267003774642944,
2331000,0.5587247610092163,
2332000,0.23722214996814728,
2333000,0.8241251111030579,
2334000,1.3553757667541504,
2335000,1.2023591995239258,
2336000,1.2556731700897217,
2337000,0.5623967051506042,
2338000,1.0990066528320312,
2339000,0.9565175771713257,
2340000,1.2565925121307373,
2341000,0.7604988813400269,
2342000,0.2738509178161621,
2343000,0.8149752020835876,
2344000,1.248755931854248,
2345000,1.0899595022201538,
2346000,1.3430125713348389,
2347000,1.0830719470977783,
2348000,1.2417972087860107,
2349000,0.5812294483184814,
2350000,0.6274480223655701,
2351000,1.3601689338684082,
2352000,0.6203516721725464,
2353000,0.22635361552238464,
2354000,0.5145251750946045,
2355000,1.3372515439987183,
2356000,0.38676363229751587,
2357000,1.0486479997634888,
2358000,0.7864504456520081,
2359000,0.6713611483573914,
2360000,1.3456177711486816,
2361000,1.3645936250686646,
2362000,0.6587533950805664,
2363000,0.8704530000686646,
2364000,1.0208109617233276,
2365000,0.5960733890533447,
2366000,1.161389708518982,
2367000,0.33583685755729675,
2368000,1.357033610343933,
2369000,0.2271946519613266,
2370000,0.33883950114250183,
2371000,1.3676979541778564,
2372000,1.2534451484680176,
2373000,0.4064239263534546,
2374000,1.329908013343811,
2375000,1.1416581869125366,
2376000,1.3854634761810303,
2377000,0.16140824556350708,
2378000,1.1096259355545044,
2379000,0.7026515007019043,
2380000,0.6101738810539246,
2381000,0.27861979603767395,
2382000,0.8480761647224426,
2383000,1.369811773300171,
2384000,0.24461784958839417,
2385000,0.6722999215126038,
2386000,0.28019216656684875,
2387000,0.9920235872268677,
2388000,0.5430988669395447,
2389000,1.3830113410949707,
2390000,1.2703593969345093,
2391000,1.21491539478302,
2392000,0.1614099144935608,
2393000,1.1293030977249146,
2394000,0.3584998846054077,
2395000,0.6914392113685608,
2396000,1.3372561931610107,
2397000,0.8322532773017883,
2398000,1.2754710912704468,
2399000,0.6231440305709839,
2400000,1.2490808963775635,
2401000,0.7031600475311279,
2402000,1.3603017330169678,
2403000,0.20753230154514313,
2404000,0.549436092376709,
2405000,0.22468791902065277,
2406000,1.3484435081481934,
2407000,1.329284906387329,
2408000,0.6783137917518616,
2409000,0.4970211684703827,
2410000,1.3597999811172485,
2411000,1.365929126739502,
2412000,0.4131401777267456,
2413000,0.8013637661933899,
2414000,0.3706185817718506,
2415000,0.17801901698112488,
2416000,0.22950145602226257,
2417000,0.6140549778938293,
2418000,1.3487365245819092,
2419000,1.0911073684692383,
2420000,1.354373812675476,
2421000,1.072737216949463,
2422000,1.197108507156372,
2423000,0.987796425819397,
2424000,0.740210771560669,
2425000,1.1271986961364746,
2426000,0.9807010889053345,
2427000,0.3801635503768921,
2428000,1.3436418771743774,
2429000,1.3554718494415283,
2430000,1.3492884635925293,
2431000,1.014154076576233,
2432000,0.9627812504768372,
2433000,1.1877590417861938,
2434000,0.8443644046783447,
2435000,0.4654020369052887,
2436000,1.3493475914001465,
2437000,1.2379016876220703,
2438000,1.3677363395690918,
2439000,1.358408808708191,
2440000,0.24218949675559998,
2441000,1.0775221586227417,
2442000,1.0609928369522095,
2443000,0.8398231267929077,
2444000,0.7636409401893616,
2445000,1.3457504510879517,
2446000,1.2365918159484863,
2447000,0.9717487096786499,
2448000,0.2942046523094177,
2449000,1.3564355373382568,
2450000,1.2670174837112427,
2451000,1.0519425868988037,
2452000,1.3456047773361206,
2453000,0.4573957920074463,
2454000,1.0870459079742432,
2455000,0.7021406292915344,
2456000,1.0017569065093994,
2457000,1.0133883953094482,
2458000,1.0739059448242188,
2459000,1.1751278638839722,
2460000,1.3594826459884644,
2461000,1.360400915145874,
2462000,1.1710247993469238,
2463000,1.3453353643417358,
2464000,0.4198288023471832,
2465000,0.2997301518917084,
2466000,1.06400728225708,
2467000,1.0215857028961182,
2468000,0.6375499963760376,
2469000,1.3545628786087036,
2470000,0.6817212700843811,
2471000,0.6864505410194397,
2472000,1.308117151260376,
2473000,1.1575286388397217,
2474000,0.812217652797699,
2475000,1.110394835472107,
2476000,0.605444073677063,
2477000,1.2310131788253784,
2478000,0.6979912519454956,
2479000,0.390332967042923,
2480000,0.440812349319458,
2481000,0.7253464460372925,
2482000,0.7411561608314514,
2483000,1.3500727415084839,
2484000,1.146430492401123,
2485000,1.3604323863983154,
2486000,0.4871976375579834,
2487000,1.0893062353134155,
2488000,1.2085679769515991,
2489000,1.359108328819275,
2490000,0.8864874839782715,
2491000,1.3460909128189087,
2492000,1.1221461296081543,
2493000,1.3532392978668213,
2494000,0.6778903603553772,
2495000,0.49575361609458923,
2496000,0.7741967439651489,
2497000,1.1720895767211914,
2498000,1.372244954109192,
2499000,0.6886991262435913,
2500000,0.7297056317329407,
2500000,0.7297056317329407,0.9515490090847015
2501000,1.3192764520645142,
2502000,1.3102411031723022,
2503000,0.3602444529533386,
2504000,1.3532863855361938,
2505000,1.1541858911514282,
2506000,0.7091126441955566,
2507000,1.2510006427764893,
2508000,0.6811591982841492,
2509000,0.44960352778434753,
2510000,1.34929621219635,
2511000,1.3554213047027588,
2512000,0.3403189778327942,
2513000,1.092359185218811,
2514000,1.1449882984161377,
2515000,1.3467968702316284,
2516000,1.3726707696914673,
2517000,0.8410022854804993,
2518000,0.5107031464576721,
2519000,1.2995402812957764,
2520000,0.790222704410553,
2521000,1.3624085187911987,
2522000,1.0118259191513062,
2523000,1.295680046081543,
2524000,1.2931314706802368,
2525000,0.38940465450286865,
2526000,0.31259864568710327,
2527000,0.7580246925354004,
2528000,0.6002879738807678,
2529000,0.7551436424255371,
2530000,0.5972034335136414,
2531000,0.3442091643810272,
2532000,1.3498280048370361,
2533000,1.3393380641937256,
2534000,1.21486496925354,
2535000,1.11538827419281,
2536000,1.3664761781692505,
2537000,1.3727331161499023,
2538000,1.3410028219223022,
2539000,0.711778998374939,
2540000,0.693073570728302,
2541000,0.9058063626289368,
2542000,0.727764368057251,
2543000,1.3596035242080688,
2544000,1.3722079992294312,
2545000,1.2614260911941528,
2546000,1.3587578535079956,
2547000,1.2617837190628052,
2548000,1.2056857347488403,
2549000,1.368789792060852,
2550000,0.30693596601486206,
2551000,0.40905821323394775,
2552000,1.3596504926681519,
2553000,1.356759786605835,
2554000,1.356461763381958,
2555000,1.2656697034835815,
2556000,1.337407112121582,
2557000,1.3095030784606934,
2558000,1.212203025817871,
2559000,1.264600157737732,
2560000,0.867387592792511,
2561000,0.4316987693309784,
2562000,1.2880425453186035,
2563000,0.970465898513794,
2564000,0.895992636680603,
2565000,1.364812970161438,
2566000,0.8843329548835754,
2567000,0.9500545263290405,
2568000,1.3779487609863281,
2569000,1.3697835206985474,
2570000,0.3711789846420288,
2571000,1.2687126398086548,
2572000,0.7467972636222839,
2573000,0.6120009422302246,
2574000,0.39866405725479126,
2575000,1.3477530479431152,
2576000,1.3445543050765991,
2577000,0.9934222102165222,
2578000,0.5292151570320129,
2579000,0.6024175882339478,
2580000,1.3547111749649048,
2581000,0.5568285584449768,
2582000,1.1958091259002686,
2583000,0.9623619318008423,
2584000,0.31021848320961,
2585000,1.2969485521316528,
2586000,0.2858003079891205,
2587000,1.2958683967590332,
2588000,1.2989288568496704,
2589000,1.3571386337280273,
2590000,0.3022877871990204,
2591000,1.1935003995895386,
2592000,1.0875732898712158,
2593000,1.201517939567566,
2594000,1.0107258558273315,
2595000,0.6465654969215393,
2596000,0.5973702073097229,
2597000,1.3608968257904053,
2598000,1.3708178997039795,
2599000,0.7777993679046631,
2600000,0.6941103935241699,
2601000,1.089247226715088,
2602000,1.2176934480667114,
2603000,0.3319263756275177,
2604000,0.8117103576660156,
2605000,1.3453246355056763,
2606000,0.7330674529075623,
2607000,1.000218152999878,
2608000,1.3447000980377197,
2609000,1.354015588760376,
2610000,1.3214781284332275,
2611000,0.19885940849781036,
2612000,0.6244440674781799,
2613000,0.6517714858055115,
2614000,0.7174855470657349,
2615000,0.5982934236526489,
2616000,0.30875536799430847,
2617000,0.7175003290176392,
2618000,1.152361512184143,
2619000,1.0824055671691895,
2620000,1.3589732646942139,
2621000,0.6242288947105408,
2622000,0.33745527267456055,
2623000,1.3315824270248413,
2624000,0.6071085333824158,
2625000,0.2842804193496704,
2626000,0.7283896803855896,
2627000,0.5597476363182068,
2628000,0.40195557475090027,
2629000,0.7801334261894226,
2630000,0.8736256957054138,
2631000,1.3633884191513062,
2632000,0.5788998007774353,
2633000,0.6318703889846802,
2634000,1.3586305379867554,
2635000,1.109268307685852,
2636000,0.18580667674541473,
2637000,1.0433565378189087,
2638000,1.362701416015625,
2639000,0.5949770212173462,
2640000,1.075384259223938,
2641000,1.3292258977890015,
2642000,1.3661506175994873,
2643000,1.347388744354248,
2644000,1.3591461181640625,
2645000,0.6646314263343811,
2646000,1.2263447046279907,
2647000,1.160804033279419,
2648000,1.1432303190231323,
2649000,0.9068285822868347,
2650000,0.4361377954483032,
2651000,1.344968557357788,
2652000,1.1383079290390015,
2653000,0.7144054770469666,
2654000,0.7545039653778076,
2655000,0.7268102169036865,
2656000,1.243316888809204,
2657000,0.5650875568389893,
2658000,1.3602538108825684,
2659000,0.826827883720398,
2660000,1.346906065940857,
2661000,0.6453129649162292,
2662000,0.8445507884025574,
2663000,1.3457223176956177,
2664000,0.8970615863800049,
2665000,0.6875285506248474,
2666000,1.016519546508789,
2667000,0.36250078678131104,
2668000,1.3591493368148804,
2669000,1.3776612281799316,
2670000,0.5738286972045898,
2671000,1.025573968887329,
2672000,0.9849817752838135,
2673000,1.0011764764785767,
2674000,1.3280564546585083,
2675000,1.0051231384277344,
2676000,1.3033872842788696,
2677000,0.5874467492103577,
2678000,1.2635104656219482,
2679000,1.2347757816314697,
2680000,0.3796808123588562,
2681000,0.3602955639362335,
2682000,1.312243938446045,
2683000,0.9237595200538635,
2684000,0.31742775440216064,
2685000,0.6981590986251831,
2686000,0.29447704553604126,
2687000,0.38384830951690674,
2688000,1.3615522384643555,
2689000,0.14460597932338715,
2690000,0.3132915496826172,
2691000,0.4147390127182007,
2692000,1.1126000881195068,
2693000,0.5381717085838318,
2694000,1.3632826805114746,
2695000,1.333207368850708,
2696000,1.3416918516159058,
2697000,0.6759486794471741,
2698000,0.9627349376678467,
2699000,1.1911945343017578,
2700000,1.3319462537765503,
2701000,0.6541683673858643,
2702000,0.5942783951759338,
2703000,0.44338586926460266,
2704000,1.3552489280700684,
2705000,1.3656939268112183,
2706000,0.7151278257369995,
2707000,1.3568674325942993,
2708000,0.9917436838150024,
2709000,0.17899750173091888,
2710000,0.8968315124511719,
2711000,1.1279021501541138,
2712000,1.3573108911514282,
2713000,0.1770668774843216,
2714000,0.7295619249343872,
2715000,1.3790671825408936,
2716000,1.3739014863967896,
2717000,0.8423420190811157,
2718000,0.8802697658538818,
2719000,1.289241075515747,
2720000,0.9682042598724365,
2721000,1.108518362045288,
2722000,0.46619027853012085,
2723000,0.569291889667511,
2724000,0.8880645036697388,
2725000,1.3836369514465332,
2726000,1.1584758758544922,
2727000,1.1899733543395996,
2728000,1.3401886224746704,
2729000,1.2232539653778076,
2730000,0.9144849181175232,
2731000,1.1718175411224365,
2732000,1.3150404691696167,
2733000,0.5235306620597839,
2734000,1.178196668624878,
2735000,0.6815988421440125,
2736000,0.35858193039894104,
2737000,1.302829384803772,
2738000,1.3216826915740967,
2739000,1.3571245670318604,
2740000,0.8301896452903748,
2741000,0.8773396015167236,
2742000,0.8935011625289917,
2743000,0.9923225045204163,
2744000,0.3640625476837158,
2745000,1.2005984783172607,
2746000,0.8487311601638794,
2747000,1.2545384168624878,
2748000,1.107469916343689,
2749000,1.3460685014724731,
2750000,1.2840782403945923,
2750000,1.2840782403945923,0.9377401351928711
2751000,1.0498368740081787,
2752000,1.3233716487884521,
2753000,0.5790546536445618,
2754000,1.361384391784668,
2755000,1.0802594423294067,
2756000,1.3190807104110718,
2757000,0.9889567494392395,
2758000,0.40425339341163635,
2759000,1.3475875854492188,
2760000,1.042271614074707,
2761000,0.6202682256698608,
2762000,1.3733575344085693,
2763000,1.1389546394348145,
2764000,0.9311886429786682,
2765000,1.214299201965332,
2766000,0.5575156211853027,
2767000,1.1582525968551636,
2768000,0.226251482963562,
2769000,0.555924654006958,
2770000,1.1902202367782593,
2771000,0.9756550192832947,
2772000,1.1152669191360474,
2773000,0.5577391982078552,
2774000,1.349469542503357,
2775000,0.6432609558105469,
2776000,0.8448441028594971,
2777000,0.8928312063217163,
2778000,0.7340836524963379,
2779000,1.348759412765503,
2780000,0.7478682994842529,
2781000,1.361279010772705,
2782000,1.1978150606155396,
2783000,1.2430188655853271,
2784000,1.3734596967697144,
2785000,1.3712568283081055,
2786000,0.8018043637275696,
2787000,0.25363510847091675,
2788000,0.3611781895160675,
2789000,1.3576924800872803,
2790000,1.3615769147872925,
2791000,1.0370458364486694,
2792000,1.1473710536956787,
2793000,0.6302629709243774,
2794000,1.2727988958358765,
2795000,1.3511710166931152,
2796000,1.3189793825149536,
2797000,0.5950721502304077,
2798000,1.3587545156478882,
2799000,1.1614203453063965,
2800000,0.7401732802391052,
2801000,0.8343454599380493,
2802000,0.9076179265975952,
2803000,1.22999906539917,
2804000,0.8593689203262329,
2805000,1.3659390211105347,
2806000,0.4321967661380768,
2807000,1.3215034008026123,
2808000,0.5821673274040222,
2809000,1.3523433208465576,
2810000,0.8945732712745667,
2811000,0.9819626808166504,
2812000,0.6208078265190125,
2813000,1.016658902168274,
2814000,0.7041606307029724,
2815000,1.2278285026550293,
2816000,0.9317153692245483,
2817000,1.3551403284072876,
2818000,0.7970808744430542,
2819000,1.3384488821029663,
2820000,0.7890297174453735,
2821000,1.357845664024353,
2822000,1.0037785768508911,
2823000,1.2208796739578247,
2824000,0.9214344620704651,
2825000,1.206719994544983,
2826000,1.2550359964370728,
2827000,0.7385789155960083,
2828000,1.2405147552490234,
2829000,0.8078493475914001,
2830000,0.6181061863899231,
2831000,1.2345049381256104,
2832000,0.45829010009765625,
2833000,0.7321595549583435,
2834000,0.26351991295814514,
2835000,0.4059238135814667,
2836000,0.9661291241645813,
2837000,1.1754381656646729,
2838000,0.3265431523323059,
2839000,1.0255327224731445,
2840000,0.9707425832748413,
2841000,0.9432565569877625,
2842000,1.3646680116653442,
2843000,0.8768711686134338,
2844000,1.1723271608352661,
2845000,1.2678499221801758,
2846000,0.8149444460868835,
2847000,0.8903437256813049,
2848000,1.3517078161239624,
2849000,1.3708897829055786,
2850000,0.5010946393013,
2851000,1.37748122215271,
2852000,1.2878490686416626,
2853000,0.43287935853004456,
2854000,0.5476030707359314,
2855000,0.9523274898529053,
2856000,1.3061717748641968,
2857000,1.1601709127426147,
2858000,0.6887203454971313,
2859000,1.374079942703247,
2860000,1.365750789642334,
2861000,1.1766732931137085,
2862000,1.3526467084884644,
2863000,1.0825493335723877,
2864000,0.5557315945625305,
2865000,1.3147811889648438,
2866000,1.133021354675293,
2867000,1.2484601736068726,
2868000,1.1231201887130737,
2869000,0.5923776626586914,
2870000,0.3393264710903168,
2871000,0.8745723366737366,
2872000,1.039404034614563,
2873000,0.8787480592727661,
2874000,1.3585211038589478,
2875000,0.6751489639282227,
2876000,1.0898213386535645,
2877000,0.5770457983016968,
2878000,0.8787296414375305,
2879000,0.3288661241531372,
2880000,0.7098570466041565,
2881000,0.4324689507484436,
2882000,0.626399576663971,
2883000,1.3659417629241943,
2884000,0.7245480418205261,
2885000,1.3310481309890747,
2886000,0.3308662176132202,
2887000,0.6688498258590698,
2888000,0.8790674805641174,
2889000,1.3622779846191406,
2890000,0.4992711544036865,
2891000,0.4821464717388153,
2892000,0.6589171290397644,
2893000,0.21535088121891022,
2894000,1.2085269689559937,
2895000,1.257211446762085,
2896000,1.3678920269012451,
2897000,0.697468101978302,
2898000,1.2891287803649902,
2899000,1.1989480257034302,
2900000,0.8516641855239868,
2901000,1.3434169292449951,
2902000,0.17189958691596985,
2903000,0.9293810129165649,
2904000,1.343691349029541,
2905000,0.7508818507194519,
2906000,0.30848491191864014,
2907000,1.3504284620285034,
2908000,0.8839507102966309,
2909000,1.2724568843841553,
2910000,1.3598074913024902,
2911000,1.3630781173706055,
2912000,1.1586339473724365,
2913000,0.9301997423171997,
2914000,1.3225317001342773,
2915000,0.72712641954422,
2916000,0.6878571510314941,
2917000,1.1794546842575073,
2918000,1.3257821798324585,
2919000,1.1352001428604126,
2920000,1.3376247882843018,
2921000,1.2047364711761475,
2922000,1.3360928297042847,
2923000,1.2749665975570679,
2924000,1.356736660003662,
2925000,0.25518563389778137,
2926000,0.6529484987258911,
2927000,1.3353556394577026,
2928000,0.3690630793571472,
2929000,0.24098925292491913,
2930000,1.3301063776016235,
2931000,0.8006036877632141,
2932000,1.3579734563827515,
2933000,1.3198237419128418,
2934000,1.0403075218200684,
2935000,1.2851104736328125,
2936000,1.0161617994308472,
2937000,0.68553626537323,
2938000,0.14929020404815674,
2939000,1.3779337406158447,
2940000,1.3540458679199219,
2941000,1.3558225631713867,
2942000,1.2278335094451904,
2943000,1.1897175312042236,
2944000,1.2602143287658691,
2945000,1.1787868738174438,
2946000,0.8424482941627502,
2947000,1.3618758916854858,
2948000,0.823241114616394,
2949000,0.4369364082813263,
2950000,1.3202908039093018,
2951000,0.7201669812202454,
2952000,1.182126522064209,
2953000,1.2507398128509521,
2954000,1.3670446872711182,
2955000,0.6320427656173706,
2956000,1.229233980178833,
2957000,0.6425735950469971,
2958000,0.32130053639411926,
2959000,0.5714495778083801,
2960000,0.5291770696640015,
2961000,1.3413077592849731,
2962000,1.3454453945159912,
2963000,0.2302526980638504,
2964000,0.2809918224811554,
2965000,0.9064324498176575,
2966000,0.5768262147903442,
2967000,1.3024954795837402,
2968000,1.2149684429168701,
2969000,0.6902934312820435,
2970000,1.1205393075942993,
2971000,1.3031363487243652,
2972000,1.3709304332733154,
2973000,1.2394492626190186,
2974000,1.3693245649337769,
2975000,0.21637281775474548,
2976000,1.1569509506225586,
2977000,0.3389865756034851,
2978000,0.9876331686973572,
2979000,0.22639960050582886,
2980000,0.5851486325263977,
2981000,0.7638452649116516,
2982000,0.7425804138183594,
2983000,1.2154661417007446,
2984000,1.2812767028808594,
2985000,0.6534221768379211,
2986000,1.287874698638916,
2987000,0.7400156259536743,
2988000,1.368894100189209,
2989000,0.8887052536010742,
2990000,1.3035520315170288,
2991000,1.3003901243209839,
2992000,1.3324611186981201,
2993000,0.36179274320602417,
2994000,1.0412511825561523,
2995000,0.22777850925922394,
2996000,1.3033101558685303,
2997000,1.3471834659576416,
2998000,1.3147929906845093,
2999000,1.2230747938156128,
3000000,1.358302116394043,
3000000,1.358302116394043,0.9458459922671318
3001000,0.22119450569152832,
3002000,1.3709608316421509,
3003000,1.0315548181533813,
3004000,0.5191570520401001,
3005000,1.240229845046997,
3006000,1.3616663217544556,
3007000,0.1881745606660843,
3008000,1.1127843856811523,
3009000,1.1090080738067627,
3010000,1.339368462562561,
3011000,0.5081284046173096,
3012000,0.595095157623291,
3013000,0.6972907781600952,
3014000,1.37311851978302,
3015000,1.09424889087677,
3016000,0.8976667523384094,
3017000,1.298331379890442,
3018000,0.7569162845611572,
3019000,1.1038018465042114,
3020000,0.21668769419193268,
3021000,0.49231839179992676,
3022000,1.2131208181381226,
3023000,1.328582763671875,
3024000,0.5273757576942444,
3025000,1.351091980934143,
3026000,0.961973249912262,
3027000,0.7142656445503235,
3028000,1.3312830924987793,
3029000,0.3614359498023987,
3030000,0.6133406758308411,
3031000,1.199785590171814,
3032000,1.1780661344528198,
3033000,0.99994295835495,
3034000,0.17423000931739807,
3035000,0.264880895614624,
3036000,1.199432373046875,
3037000,1.3465007543563843,
3038000,1.188180923461914,
3039000,0.4669960141181946,
3040000,1.2286877632141113,
3041000,1.3463655710220337,
3042000,0.6980690360069275,
3043000,0.8882611393928528,
3044000,0.45946961641311646,
3045000,1.1979992389678955,
3046000,1.0298049449920654,
3047000,1.0116842985153198,
3048000,1.355823278427124,
3049000,0.9383276104927063,
3050000,0.42992258071899414,
3051000,0.4629436135292053,
3052000,0.5054176449775696,
3053000,0.2820322513580322,
3054000,1.243466854095459,
3055000,1.2508879899978638,
3056000,1.3348382711410522,
3057000,0.8301499485969543,
3058000,0.707226574420929,
3059000,0.42840713262557983,
3060000,0.8334550261497498,
3061000,0.40264153480529785,
3062000,1.3642609119415283,
3063000,0.6884974241256714,
3064000,1.0486565828323364,
3065000,0.5860333442687988,
3066000,1.0174990892410278,
3067000,1.2547082901000977,
3068000,0.9455597400665283,
3069000,1.2983264923095703,
3070000,0.4432799518108368,
3071000,0.5130470991134644,
3072000,0.6507751941680908,
3073000,0.40337276458740234,
3074000,1.3414427042007446,
3075000,0.22253039479255676,
3076000,0.18648523092269897,
3077000,0.3205411434173584,
3078000,1.1579838991165161,
3079000,0.6894038915634155,
3080000,1.1143494844436646,
3081000,1.112472414970398,
3082000,1.280592441558838,
3083000,1.2154675722122192,
3084000,1.3588767051696777,
3085000,1.1786988973617554,
3086000,1.2704886198043823,
3087000,0.8834349513053894,
3088000,1.240757942199707,
3089000,1.3474382162094116,
3090000,1.305619716644287,
3091000,1.172896146774292,
3092000,1.088677167892456,
3093000,0.9710525274276733,
3094000,1.3103337287902832,
3095000,1.231824278831482,
3096000,1.341467022895813,
3097000,1.3588674068450928,
3098000,0.3216018080711365,
3099000,0.5028771758079529,
3100000,0.5056734681129456,
3101000,0.6886020302772522,
3102000,0.5136818885803223,
3103000,1.2559727430343628,
3104000,0.6654428243637085,
3105000,0.21305380761623383,
3106000,0.7600775361061096,
3107000,1.1908735036849976,
3108000,1.1652506589889526,
3109000,0.46544885635375977,
3110000,1.0704524517059326,
3111000,1.2804330587387085,
3112000,1.3411893844604492,
3113000,0.5830945372581482,
3114000,0.6208073496818542,
3115000,0.3325202763080597,
3116000,1.2182741165161133,
3117000,1.3346940279006958,
3118000,0.8438796997070312,
3119000,0.35062721371650696,
3120000,1.2246366739273071,
3121000,1.3788368701934814,
3122000,0.6794456243515015,
3123000,1.3548380136489868,
3124000,0.6251180171966553,
3125000,0.6083225607872009,
3126000,1.312756896018982,
3127000,1.125990390777588,
3128000,1.3298757076263428,
3129000,0.8533114790916443,
3130000,0.6032057404518127,
3131000,1.0831178426742554,
3132000,1.3684520721435547,
3133000,1.211201548576355,
3134000,0.16833971440792084,
3135000,0.3617527484893799,
3136000,1.3670837879180908,
3137000,0.566365659236908,
3138000,0.5348559617996216,
3139000,0.8464892506599426,
3140000,1.2250585556030273,
3141000,1.336954951286316,
3142000,1.3568825721740723,
3143000,1.1768872737884521,
3144000,1.3405463695526123,
3145000,1.2588037252426147,
3146000,1.1394892930984497,
3147000,1.3731390237808228,
3148000,1.3495795726776123,
3149000,0.7442618608474731,
3150000,1.3658770322799683,
3151000,1.2632533311843872,
3152000,1.3634618520736694,
3153000,1.324724555015564,
3154000,1.101678729057312,
3155000,1.3648500442504883,
3156000,1.3470538854599,
3157000,0.9829725623130798,
3158000,1.2758432626724243,
3159000,1.1082499027252197,
3160000,1.3635380268096924,
3161000,0.6080652475357056,
3162000,1.359431266784668,
3163000,1.2282780408859253,
3164000,1.3147515058517456,
3165000,0.40900540351867676,
3166000,1.367457628250122,
3167000,0.4855958819389343,
3168000,1.354994773864746,
3169000,1.3625977039337158,
3170000,1.1343257427215576,
3171000,1.3063124418258667,
3172000,0.7427990436553955,
3173000,0.639866828918457,
3174000,1.200259804725647,
3175000,0.7160770893096924,
3176000,0.43801960349082947,
3177000,0.7478495836257935,
3178000,0.5004515647888184,
3179000,0.9922328591346741,
3180000,1.2892799377441406,
3181000,0.6244164705276489,
3182000,1.3680028915405273,
3183000,1.2380621433258057,
3184000,0.5086787939071655,
3185000,1.1762843132019043,
3186000,1.260022521018982,
3187000,1.3567837476730347,
3188000,1.1204274892807007,
3189000,0.610079288482666,
3190000,1.3596041202545166,
3191000,0.48602914810180664,
3192000,1.2370022535324097,
3193000,0.2537323832511902,
3194000,1.1219266653060913,
3195000,0.8624392747879028,
3196000,0.3258810043334961,
3197000,0.6097110509872437,
3198000,0.616394579410553,
3199000,1.3585846424102783,
3200000,0.6673760414123535,
3201000,0.7223875522613525,
3202000,1.1323740482330322,
3203000,0.8065176010131836,
3204000,0.9934653639793396,
3205000,1.1475701332092285,
3206000,1.1200283765792847,
3207000,0.2048662155866623,
3208000,1.2865170240402222,
3209000,0.2876211702823639,
3210000,1.2130882740020752,
3211000,1.2185263633728027,
3212000,0.7764744162559509,
3213000,0.8624826073646545,
3214000,1.3548728227615356,
3215000,0.44873952865600586,
3216000,1.3553534746170044,
3217000,0.3146297037601471,
3218000,0.5797241926193237,
3219000,1.0420076847076416,
3220000,1.370749831199646,
3221000,0.953318178653717,
3222000,1.3455461263656616,
3223000,0.6604214906692505,
3224000,1.0428128242492676,
3225000,0.9463136196136475,
3226000,1.3577314615249634,
3227000,1.3316407203674316,
3228000,1.3391624689102173,
3229000,1.369982361793518,
3230000,1.1255629062652588,
3231000,0.912798285484314,
3232000,1.347786545753479,
3233000,1.1034491062164307,
3234000,0.9764419794082642,
3235000,0.6352213025093079,
3236000,1.344702124595642,
3237000,1.2459869384765625,
3238000,1.3569145202636719,
3239000,1.306276559829712,
3240000,0.9785509705543518,
3241000,1.0270293951034546,
3242000,0.5796048641204834,
3243000,1.359157681465149,
3244000,0.29227396845817566,
3245000,0.6412432193756104,
3246000,0.8512357473373413,
3247000,1.0726786851882935,
3248000,0.9755011200904846,
3249000,0.447649747133255,
3250000,0.3113177418708801,
3250000,0.3113177418708801,0.9577986201643944
3251000,1.1950242519378662,
3252000,1.1995397806167603,
3253000,1.2229903936386108,
3254000,1.0744152069091797,
3255000,1.0620990991592407,
3256000,0.8688549399375916,
3257000,0.6729241013526917,
3258000,0.22010229527950287,
3259000,0.7617624402046204,
3260000,1.3543182611465454,
3261000,0.5467339158058167,
3262000,0.6314606666564941,
3263000,1.2329872846603394,
3264000,1.23943293094635,
3265000,1.3630138635635376,
3266000,0.16551846265792847,
3267000,0.3752880394458771,
3268000,0.9620469808578491,
3269000,1.3572012186050415,
3270000,0.7576792240142822,
3271000,0.46076351404190063,
3272000,1.1622604131698608,
3273000,1.010252833366394,
3274000,1.346596598625183,
3275000,0.2708618640899658,
3276000,0.42498013377189636,
3277000,0.7131383419036865,
3278000,0.6767012476921082,
3279000,1.3435720205307007,
3280000,0.7733153104782104,
3281000,1.2279642820358276,
3282000,0.8040591478347778,
3283000,0.9323465824127197,
3284000,0.2645079791545868,
3285000,1.3650866746902466,
3286000,1.3532161712646484,
3287000,1.349260926246643,
3288000,0.5199558734893799,
3289000,0.6411750316619873,
3290000,1.3469215631484985,
3291000,1.2204551696777344,
3292000,1.3665015697479248,
3293000,0.3651079833507538,
3294000,0.3189350664615631,
3295000,0.9645911455154419,
3296000,0.7867100834846497,
3297000,0.3885001838207245,
3298000,1.2973363399505615,
3299000,0.6349604725837708,
3300000,0.789709746837616,
3301000,1.343572974205017,
3302000,1.3635257482528687,
3303000,1.307162880897522,
3304000,1.0063912868499756,
3305000,1.318176031112671,
3306000,0.7639009952545166,
3307000,0.7277410626411438,
3308000,0.16822639107704163,
3309000,1.2469065189361572,
3310000,0.2547619938850403,
3311000,0.7789158821105957,
3312000,1.214727759361267,
3313000,1.302051067352295,
3314000,1.274407148361206,
3315000,1.3761965036392212,
3316000,0.7738949656486511,
3317000,1.1171332597732544,
3318000,0.9374188184738159,
3319000,1.2750030755996704,
3320000,0.3226824998855591,
3321000,1.3845099210739136,
3322000,0.3473246395587921,
3323000,0.5629224181175232,
3324000,1.2324647903442383,
3325000,1.1132400035858154,
3326000,0.3495800793170929,
3327000,1.3612314462661743,
3328000,1.132364273071289,
3329000,0.6874191761016846,
3330000,1.3183943033218384,
3331000,0.8424634337425232,
3332000,1.1769260168075562,
3333000,0.22025245428085327,
3334000,1.1831977367401123,
3335000,0.3580300807952881,
3336000,0.9379361271858215,
3337000,0.12614111602306366,
3338000,1.2301207780838013,
3339000,1.2468223571777344,
3340000,1.1983425617218018,
3341000,0.5710639953613281,
3342000,0.8641318678855896,
3343000,1.2214691638946533,
3344000,1.3339922428131104,
3345000,0.26118484139442444,
3346000,1.3566231727600098,
3347000,1.3645579814910889,
3348000,1.3531113862991333,
3349000,1.3417534828186035,
3350000,1.1797786951065063,
3351000,0.5275512337684631,
3352000,0.13039198517799377,
3353000,1.3519819974899292,
3354000,0.8406251072883606,
3355000,0.48931047320365906,
3356000,1.0873734951019287,
3357000,1.369408369064331,
3358000,1.3037683963775635,
3359000,0.596468985080719,
3360000,1.3493597507476807,
3361000,1.354319453239441,
3362000,1.3293098211288452,
3363000,1.3624821901321411,
3364000,1.2244304418563843,
3365000,1.3480229377746582,
3366000,1.32297945022583,
3367000,1.274853229522705,
3368000,1.2635427713394165,
3369000,0.7335864305496216,
3370000,1.0598431825637817,
3371000,0.7127167582511902,
3372000,0.8035995364189148,
3373000,1.1268383264541626,
3374000,1.1904443502426147,
3375000,1.3681490421295166,
3376000,0.4830327033996582,
3377000,0.9579539895057678,
3378000,1.274738073348999,
3379000,1.2589805126190186,
3380000,1.3570823669433594,
3381000,1.355879306793213,
3382000,1.3710297346115112,
3383000,0.7318753004074097,
3384000,1.011320948600769,
3385000,0.9376447200775146,
3386000,1.1610113382339478,
3387000,0.332553893327713,
3388000,0.6264820694923401,
3389000,0.4294268488883972,
3390000,1.2668259143829346,
3391000,1.335662841796875,
3392000,1.3198920488357544,
3393000,1.3271119594573975,
3394000,0.17704518139362335,
3395000,0.29650139808654785,
3396000,0.33517828583717346,
3397000,1.2414121627807617,
3398000,1.2167516946792603,
3399000,1.0489531755447388,
3400000,1.37697434425354,
3401000,1.315312147140503,
3402000,0.38031792640686035,
3403000,0.8524878621101379,
3404000,1.3788459300994873,
3405000,0.7939600944519043,
3406000,0.5569993257522583,
3407000,1.1848024129867554,
3408000,1.3479382991790771,
3409000,0.1889386773109436,
3410000,1.3633455038070679,
3411000,1.180782675743103,
3412000,0.43165841698646545,
3413000,0.612371563911438,
3414000,1.1083604097366333,
3415000,1.3536909818649292,
3416000,1.3658407926559448,
3417000,0.3524792790412903,
3418000,0.5482988953590393,
3419000,1.3682273626327515,
3420000,0.8432003259658813,
3421000,1.3560386896133423,
3422000,1.3213398456573486,
3423000,1.3188724517822266,
3424000,1.366213083267212,
3425000,1.3579169511795044,
3426000,0.6043485403060913,
3427000,1.290103554725647,
3428000,1.2484326362609863,
3429000,0.8189760446548462,
3430000,1.224170207977295,
3431000,1.2839932441711426,
3432000,1.1671215295791626,
3433000,1.3008748292922974,
3434000,1.1843624114990234,
3435000,1.0249300003051758,
3436000,0.9454230070114136,
3437000,0.7252504229545593,
3438000,0.5822742581367493,
3439000,0.9854184985160828,
3440000,1.354915976524353,
3441000,1.240365982055664,
3442000,1.329810619354248,
3443000,1.237490177154541,
3444000,0.7820624113082886,
3445000,0.24312175810337067,
3446000,1.3426114320755005,
3447000,1.15715491771698,
3448000,1.3613444566726685,
3449000,0.8133398294448853,
3450000,0.2364370971918106,
3451000,0.6266794204711914,
3452000,1.315676212310791,
3453000,0.6449054479598999,
3454000,1.0181876420974731,
3455000,0.2320178598165512,
3456000,0.20093411207199097,
3457000,1.37574303150177,
3458000,1.2037609815597534,
3459000,0.353033185005188,
3460000,0.8960393071174622,
3461000,0.7496357560157776,
3462000,0.9911876916885376,
3463000,1.305575966835022,
3464000,0.8861293792724609,
3465000,0.6559364199638367,
3466000,0.5789338946342468,
3467000,0.24365955591201782,
3468000,0.5908166766166687,
3469000,1.3620381355285645,
3470000,0.4410257935523987,
3471000,1.3595458269119263,
3472000,1.2813938856124878,
3473000,0.6550368070602417,
3474000,1.0993328094482422,
3475000,0.21849995851516724,
3476000,1.3618218898773193,
3477000,1.3471808433532715,
3478000,0.8069390654563904,
3479000,0.81109219789505,
3480000,1.3490829467773438,
3481000,1.3613437414169312,
3482000,1.3411498069763184,
3483000,1.0696102380752563,
3484000,1.2013407945632935,
3485000,1.313514232635498,
3486000,1.2642742395401,
3487000,1.372347354888916,
3488000,0.18243351578712463,
3489000,1.345338225364685,
3490000,1.2323204278945923,
3491000,0.5371503233909607,
3492000,1.3558255434036255,
3493000,0.4354965388774872,
3494000,1.2885277271270752,
3495000,1.3590092658996582,
3496000,0.5372387170791626,
3497000,0.670285701751709,
3498000,1.31777024269104,
3499000,0.2261936366558075,
3500000,1.363295078277588,
3500000,1.363295078277588,0.9330572459101677
3501000,0.24606060981750488,
3502000,1.110842227935791,
3503000,0.2738366425037384,
3504000,1.130700707435608,
3505000,0.76518315076828,
3506000,0.7353096008300781,
3507000,0.4729943573474884,
3508000,1.0776402950286865,
3509000,1.1731101274490356,
3510000,0.5712010860443115,
3511000,1.1921336650848389,
3512000,1.2112563848495483,
3513000,1.1975152492523193,
3514000,0.80952388048172,
3515000,1.3520705699920654,
3516000,0.28242823481559753,
3517000,1.3603806495666504,
3518000,1.3671996593475342,
3519000,1.1612013578414917,
3520000,0.8609341382980347,
3521000,0.7841674089431763,
3522000,1.3750778436660767,
3523000,1.236605167388916,
3524000,0.9443907737731934,
3525000,0.529411792755127,
3526000,0.6562753319740295,
3527000,1.351783275604248,
3528000,1.0197548866271973,
3529000,1.3579487800598145,
3530000,0.5746703743934631,
3531000,0.8581928610801697,
3532000,1.3461250066757202,
3533000,0.9284119606018066,
3534000,0.5166076421737671,
3535000,0.41226643323898315,
3536000,0.9078234434127808,
3537000,1.3492525815963745,
3538000,0.691490113735199,
3539000,0.7509216666221619,
3540000,1.1938395500183105,
3541000,1.3537235260009766,
3542000,1.3634934425354004,
3543000,1.2925007343292236,
3544000,1.1101330518722534,
3545000,0.8796926736831665,
3546000,0.469022274017334,
3547000,1.297477126121521,
3548000,1.2268517017364502,
3549000,1.349278450012207,
3550000,0.7723215818405151,
3551000,0.30439645051956177,
3552000,1.146134614944458,
3553000,0.2444402575492859,
3554000,0.5291411280632019,
3555000,1.3733973503112793,
3556000,1.341357946395874,
3557000,1.1593899726867676,
3558000,0.9941544532775879,
3559000,1.0752803087234497,
3560000,1.2409731149673462,
3561000,0.3517807424068451,
3562000,0.5893684029579163,
3563000,0.37893059849739075,
3564000,1.3724428415298462,
3565000,0.6845728158950806,
3566000,0.7126500606536865,
3567000,1.147125244140625,
3568000,1.3176279067993164,
3569000,1.190186619758606,
3570000,1.0595206022262573,
3571000,1.244929552078247,
3572000,1.3260560035705566,
3573000,0.5250467658042908,
3574000,1.3560715913772583,
3575000,1.3137173652648926,
3576000,1.1611133813858032,
3577000,1.3617775440216064,
3578000,1.3456555604934692,
3579000,0.9046748876571655,
3580000,1.0088623762130737,
3581000,0.8385564684867859,
3582000,1.1967747211456299,
3583000,1.0601122379302979,
3584000,1.0759148597717285,
3585000,0.6108659505844116,
3586000,1.364409327507019,
3587000,1.2746646404266357,
3588000,1.2164744138717651,
3589000,0.980954647064209,
3590000,1.281406044960022,
3591000,0.8495956659317017,
3592000,1.1843904256820679,
3593000,0.9756126999855042,
3594000,0.7878811955451965,
3595000,1.2032679319381714,
3596000,0.29980453848838806,
3597000,1.1876026391983032,
3598000,1.0406099557876587,
3599000,1.089640736579895,
3600000,1.3687676191329956,
3601000,1.269616961479187,
3602000,0.5871968865394592,
3603000,1.3675836324691772,
3604000,1.1977043151855469,
3605000,1.3329308032989502,
3606000,0.6029269695281982,
3607000,0.5106526017189026,
3608000,1.3458446264266968,
3609000,1.3103785514831543,
3610000,0.6140803098678589,
3611000,0.9813079833984375,
3612000,1.239928126335144,
3613000,1.2023262977600098,
3614000,0.6249193549156189,
3615000,1.3675525188446045,
3616000,1.341317892074585,
3617000,1.3041108846664429,
3618000,1.3334087133407593,
3619000,1.3386896848678589,
3620000,1.0745395421981812,
3621000,0.4531506299972534,
3622000,0.4794358015060425,
3623000,1.0868721008300781,
3624000,1.3350597620010376,
3625000,1.2338224649429321,
3626000,1.0119364261627197,
3627000,1.2008719444274902,
3628000,0.3216216266155243,
3629000,0.672330379486084,
3630000,0.29369786381721497,
3631000,1.0942420959472656,
3632000,0.6372247338294983,
3633000,1.2437279224395752,
3634000,0.3639194667339325,
3635000,1.1457819938659668,
3636000,1.2453720569610596,
3637000,0.8975711464881897,
3638000,0.6812694668769836,
3639000,1.3727272748947144,
3640000,0.899764895439148,
3641000,1.3277559280395508,
3642000,1.0344504117965698,
3643000,0.564013659954071,
3644000,1.2305428981781006,
3645000,0.2010412961244583,
3646000,1.3003884553909302,
3647000,0.8763062953948975,
3648000,0.27462679147720337,
3649000,0.7613864541053772,
3650000,0.7822529077529907,
3651000,0.951185941696167,
3652000,0.7653489708900452,
3653000,0.35374879837036133,
3654000,1.2190839052200317,
3655000,0.7201329469680786,
3656000,0.9922188520431519,
3657000,1.216559886932373,
3658000,1.354013204574585,
3659000,0.503892183303833,
3660000,0.6499901413917542,
3661000,0.34176161885261536,
3662000,1.1946369409561157,
3663000,0.7076980471611023,
3664000,1.194427490234375,
3665000,1.3515450954437256,
3666000,1.2654657363891602,
3667000,1.317883849143982,
3668000,1.20692777633667,
3669000,0.28478914499282837,
3670000,1.3400113582611084,
3671000,0.5791346430778503,
3672000,0.7975548505783081,
3673000,1.0181952714920044,
3674000,1.3494495153427124,
3675000,0.6020520925521851,
3676000,0.8089951872825623,
3677000,1.283031940460205,
3678000,1.286737084388733,
3679000,0.29973065853118896,
3680000,1.3739752769470215,
3681000,0.8478143811225891,
3682000,1.3709605932235718,
3683000,0.5734265446662903,
3684000,0.8395367860794067,
3685000,1.3372159004211426,
3686000,0.5454920530319214,
3687000,0.4485318958759308,
3688000,0.6734546422958374,
3689000,1.3444538116455078,
3690000,1.3361533880233765,
3691000,1.2434024810791016,
3692000,1.3425157070159912,
3693000,0.8126507997512817,
3694000,0.9343973398208618,
3695000,0.6244852542877197,
3696000,1.1266955137252808,
3697000,1.3352394104003906,
3698000,0.8158159852027893,
3699000,1.2054365873336792,
3700000,0.7897237539291382,
3701000,1.3672350645065308,
3702000,0.6110476851463318,
3703000,0.36822742223739624,
3704000,1.3577262163162231,
3705000,0.4321305751800537,
3706000,1.3640391826629639,
3707000,1.0594853162765503,
3708000,0.9341174364089966,
3709000,0.5753766894340515,
3710000,0.6550778746604919,
3711000,0.78986656665802,
3712000,0.14671199023723602,
3713000,1.1415680646896362,
3714000,1.3324916362762451,
3715000,0.9325510859489441,
3716000,0.8019924163818359,
3717000,1.3644871711730957,
3718000,1.1860909461975098,
3719000,0.752485454082489,
3720000,1.3421443700790405,
3721000,0.9816730618476868,
3722000,1.2434264421463013,
3723000,0.9139443635940552,
3724000,1.2322115898132324,
3725000,1.3578349351882935,
3726000,0.996383011341095,
3727000,1.362676978111267,
3728000,1.1223127841949463,
3729000,0.7070413827896118,
3730000,1.3630563020706177,
3731000,1.3560467958450317,
3732000,0.17337653040885925,
3733000,1.3708441257476807,
3734000,1.1545395851135254,
3735000,1.183022141456604,
3736000,0.9501924514770508,
3737000,1.1430906057357788,
3738000,0.44038859009742737,
3739000,1.3571710586547852,
3740000,1.1051536798477173,
3741000,1.3569631576538086,
3742000,0.38782256841659546,
3743000,1.2744452953338623,
3744000,0.36529695987701416,
3745000,0.3896043002605438,
3746000,0.7389070391654968,
3747000,1.314717411994934,
3748000,1.337786316871643,
3749000,1.2412950992584229,
3750000,0.807462215423584,
3750000,0.807462215423584,0.914403327703476
3751000,0.7728595733642578,
3752000,0.6983754634857178,
3753000,1.248344898223877,
3754000,0.5313688516616821,
3755000,1.3299835920333862,
3756000,1.1022279262542725,
3757000,0.5923966765403748,
3758000,0.4143686890602112,
3759000,0.7312396168708801,
3760000,0.9279323816299438,
3761000,1.3365079164505005,
3762000,0.6872166991233826,
3763000,1.328256607055664,
3764000,1.2106233835220337,
3765000,1.3506940603256226,
3766000,1.2776885032653809,
3767000,1.3434524536132812,
3768000,1.3433750867843628,
3769000,1.1787519454956055,
3770000,0.23242831230163574,
3771000,1.2818511724472046,
3772000,0.9622810482978821,
3773000,0.2268388271331787,
3774000,1.3275665044784546,
3775000,0.2995258569717407,
3776000,1.166115641593933,
3777000,0.6232325434684753,
3778000,0.2698287069797516,
3779000,0.609648585319519,
3780000,1.3492480516433716,
3781000,1.1723918914794922,
3782000,0.8169505000114441,
3783000,1.3304811716079712,
3784000,0.8516995906829834,
3785000,0.5882025361061096,
3786000,1.098731279373169,
3787000,0.40210506319999695,
3788000,0.694525420665741,
3789000,0.29129597544670105,
3790000,0.9712408185005188,
3791000,0.5357252955436707,
3792000,1.3655091524124146,
3793000,0.15832427144050598,
3794000,1.2034595012664795,
3795000,1.2509602308273315,
3796000,1.3671272993087769,
3797000,0.5520302653312683,
3798000,0.17270547151565552,
3799000,0.3676319122314453,
3800000,0.20634883642196655,
3801000,0.558773398399353,
3802000,1.2504353523254395,
3803000,0.4119277000427246,
3804000,1.214892864227295,
3805000,1.37205171585083,
3806000,0.32101038098335266,
3807000,1.2443655729293823,
3808000,0.2813601493835449,
3809000,0.7316288948059082,
3810000,0.9693083167076111,
3811000,1.2203830480575562,
3812000,0.8009181022644043,
3813000,0.2248677760362625,
3814000,1.2936954498291016,
3815000,0.6995378136634827,
3816000,1.3655718564987183,
3817000,1.2159374952316284,
3818000,1.2016146183013916,
3819000,0.5090950131416321,
3820000,0.3743329644203186,
3821000,1.3631517887115479,
3822000,1.364155650138855,
3823000,0.5651434063911438,
3824000,0.957217276096344,
3825000,0.7568292021751404,
3826000,0.2656887173652649,
3827000,1.360437273979187,
3828000,1.3467942476272583,
3829000,1.3415268659591675,
3830000,1.1733287572860718,
3831000,0.30254197120666504,
3832000,0.32925042510032654,
3833000,1.1684240102767944,
3834000,0.22713491320610046,
3835000,1.3679454326629639,
3836000,0.2738029956817627,
3837000,0.8544858694076538,
3838000,0.7705627083778381,
3839000,1.301551342010498,
3840000,0.5741690993309021,
3841000,1.3231242895126343,
3842000,0.2500806152820587,
3843000,1.3332326412200928,
3844000,0.34528648853302,
3845000,0.7333905696868896,
3846000,1.3473079204559326,
3847000,1.333483099937439,
3848000,1.337174892425537,
3849000,0.3246365785598755,
3850000,1.3293862342834473,
3851000,1.3706104755401611,
3852000,0.6209415197372437,
3853000,0.8287922739982605,
3854000,0.8515025973320007,
3855000,1.360622763633728,
3856000,1.2765847444534302,
3857000,1.0713742971420288,
3858000,1.3519073724746704,
3859000,1.2100902795791626,
3860000,1.3410428762435913,
3861000,1.3563933372497559,
3862000,1.166898488998413,
3863000,1.340006947517395,
3864000,0.36220628023147583,
3865000,0.7998636960983276,
3866000,1.3186118602752686,
3867000,0.700486958026886,
3868000,0.9563750624656677,
3869000,0.38765886425971985,
3870000,0.4562278985977173,
3871000,1.1565388441085815,
3872000,0.64983731508255,
3873000,1.3476371765136719,
3874000,1.2793176174163818,
3875000,0.9904913306236267,
3876000,1.252449631690979,
3877000,0.66079181432724,
3878000,0.8902387022972107,
3879000,0.3777836263179779,
3880000,1.3576912879943848,
3881000,1.241603136062622,
3882000,1.2598843574523926,
3883000,0.3957218825817108,
3884000,1.3278132677078247,
3885000,0.7100352644920349,
3886000,1.011087417602539,
3887000,0.5837130546569824,
3888000,0.36662933230400085,
3889000,0.9155882596969604,
3890000,0.8094656467437744,
3891000,0.3371517062187195,
3892000,1.309766173362732,
3893000,1.2283895015716553,
3894000,0.47983548045158386,
3895000,1.1718387603759766,
3896000,1.1424208879470825,
3897000,1.0397789478302002,
3898000,0.3415912091732025,
3899000,0.5812529921531677,
3900000,1.1984531879425049,
3901000,1.3648219108581543,
3902000,0.527606189250946,
3903000,1.371992588043213,
3904000,1.1270452737808228,
3905000,0.3119944632053375,
3906000,1.1666535139083862,
3907000,0.23604941368103027,
3908000,1.241413950920105,
3909000,0.5388330817222595,
3910000,0.2734462022781372,
3911000,0.9872757196426392,
3912000,0.3425454795360565,
3913000,0.5093140602111816,
3914000,1.0331425666809082,
3915000,1.2339019775390625,
3916000,1.111816167831421,
3917000,1.3666443824768066,
3918000,1.3420119285583496,
3919000,0.5339707732200623,
3920000,1.3515818119049072,
3921000,1.1489694118499756,
3922000,0.7769474983215332,
3923000,0.8088716268539429,
3924000,1.2171789407730103,
3925000,0.4170510172843933,
3926000,0.5353890061378479,
3927000,1.2166954278945923,
3928000,0.3791980743408203,
3929000,1.3703863620758057,
3930000,0.3136475086212158,
3931000,1.333188533782959,
3932000,1.339553713798523,
3933000,1.1764588356018066,
3934000,1.0807214975357056,
3935000,1.3802989721298218,
3936000,1.333319902420044,
3937000,1.179604411125183,
3938000,1.3150724172592163,
3939000,0.28123238682746887,
3940000,1.3636196851730347,
3941000,0.3825121521949768,
3942000,0.6499484181404114,
3943000,0.7129388451576233,
3944000,1.2043756246566772,
3945000,1.3126685619354248,
3946000,0.6837719082832336,
3947000,1.3577979803085327,
3948000,1.3450230360031128,
3949000,1.1479921340942383,
3950000,0.6660394072532654,
3951000,1.3782392740249634,
3952000,1.3598957061767578,
3953000,1.0480579137802124,
3954000,0.7771674990653992,
3955000,1.3566813468933105,
3956000,0.8878324627876282,
3957000,0.2580483555793762,
3958000,0.26926013827323914,
3959000,0.7746583223342896,
3960000,1.3393757343292236,
3961000,0.6921412944793701,
3962000,1.2231807708740234,
3963000,1.3040025234222412,
3964000,0.7508269548416138,
3965000,0.9650163054466248,
3966000,1.3176264762878418,
3967000,0.5649542808532715,
3968000,0.809743344783783,
3969000,1.1945555210113525,
3970000,1.0188398361206055,
3971000,1.1986396312713623,
3972000,0.7905716300010681,
3973000,1.2365882396697998,
3974000,1.3585346937179565,
3975000,1.1793792247772217,
3976000,0.4488314688205719,
3977000,1.3563138246536255,
3978000,0.6282915472984314,
3979000,1.3708388805389404,
3980000,1.3444616794586182,
3981000,0.7172530293464661,
3982000,0.21886466443538666,
3983000,1.1410154104232788,
3984000,1.3340396881103516,
3985000,1.2507145404815674,
3986000,1.3342006206512451,
3987000,1.3546998500823975,
3988000,1.2100369930267334,
3989000,1.185901403427124,
3990000,0.4183233082294464,
3991000,0.23985923826694489,
3992000,0.35508859157562256,
3993000,0.8230774402618408,
3994000,0.8656949996948242,
3995000,1.1084344387054443,
3996000,1.0189502239227295,
3997000,1.3486664295196533,
3998000,1.2680997848510742,
3999000,1.3669588565826416,
4000000,0.8710716366767883,
4000000,0.8710716366767883,0.9448610892891884
4001000,1.3656779527664185,
4002000,1.3508976697921753,
4003000,1.2569307088851929,
4004000,0.9819226861000061,
4005000,1.3521013259887695,
4006000,0.6546282172203064,
4007000,1.2056790590286255,
4008000,1.2621172666549683,
4009000,1.2778226137161255,
4010000,1.0526055097579956,
4011000,1.3376052379608154,
4012000,0.8139550685882568,
4013000,1.3645132780075073,
4014000,1.3168611526489258,
4015000,0.5631662011146545,
4016000,0.6583967208862305,
4017000,1.3781557083129883,
4018000,0.36464300751686096,
4019000,1.3121446371078491,
4020000,0.5689403414726257,
4021000,1.2943707704544067,
4022000,1.1582069396972656,
4023000,1.2202658653259277,
4024000,0.6549746990203857,
4025000,0.46199822425842285,
4026000,1.3666722774505615,
4027000,1.2419239282608032,
4028000,1.2413865327835083,
4029000,1.00412118434906,
4030000,1.327032446861267,
4031000,0.7006180286407471,
4032000,1.2472057342529297,
4033000,1.292182207107544,
4034000,0.2060610055923462,
4035000,0.9300907254219055,
4036000,0.6724397540092468,
4037000,1.2577111721038818,
4038000,0.348040908575058,
4039000,1.3481886386871338,
4040000,0.4608710706233978,
4041000,0.926421582698822,
4042000,0.8205260038375854,
4043000,0.8390761613845825,
4044000,1.3609269857406616,
4045000,1.3609079122543335,
4046000,0.2385808527469635,
4047000,0.7160681486129761,
4048000,1.0807137489318848,
4049000,0.8404046893119812,
4050000,1.3622627258300781,
4051000,1.2200934886932373,
4052000,0.5618849396705627,
4053000,1.2570843696594238,
4054000,1.3311642408370972,
4055000,1.3184493780136108,
4056000,1.2200253009796143,
4057000,0.6535582542419434,
4058000,1.1630685329437256,
4059000,0.7879093289375305,
4060000,1.3664408922195435,
4061000,1.0254693031311035,
4062000,0.8750971555709839,
4063000,1.0862057209014893,
4064000,0.3624705374240875,
4065000,0.13128747045993805,
4066000,0.7098619937896729,
4067000,1.3567252159118652,
4068000,0.7357314825057983,
4069000,0.7110487222671509,
4070000,0.33107227087020874,
4071000,1.3634610176086426,
4072000,1.3592379093170166,
4073000,0.3151955008506775,
4074000,1.2068140506744385,
4075000,0.25727367401123047,
4076000,0.3968783915042877,
4077000,1.3270663022994995,
4078000,1.2243541479110718,
4079000,1.2558083534240723,
4080000,0.32055044174194336,
4081000,1.15468430519104,
4082000,1.359505295753479,
4083000,1.3266061544418335,
4084000,1.1279881000518799,
4085000,1.1270015239715576,
4086000,1.2101707458496094,
4087000,0.9634419083595276,
4088000,1.1128665208816528,
4089000,0.4263332188129425,
4090000,0.5982223153114319,
4091000,0.5500595569610596,
4092000,0.9551999568939209,
4093000,0.18877744674682617,
4094000,1.1647111177444458,
4095000,0.1732768416404724,
4096000,0.5683786273002625,
4097000,0.889763593673706,
4098000,0.306088924407959,
4099000,1.2053886651992798,
4100000,1.3655343055725098,
4101000,1.3602761030197144,
4102000,0.33056145906448364,
4103000,1.174392819404602,
4104000,1.3636447191238403,
4105000,1.369046926498413,
4106000,0.39879921078681946,
4107000,1.2565230131149292,
4108000,1.1296699047088623,
4109000,1.2014213800430298,
4110000,1.2578152418136597,
4111000,0.20444142818450928,
4112000,0.7816542983055115,
4113000,0.28306734561920166,
4114000,0.755483865737915,
4115000,1.348422884941101,
4116000,1.3173463344573975,
4117000,1.3355172872543335,
4118000,0.9441469311714172,
4119000,1.1218693256378174,
4120000,0.3771907091140747,
4121000,1.1231108903884888,
4122000,1.229076623916626,
4123000,1.0967599153518677,
4124000,0.7123103737831116,
4125000,0.7326143383979797,
4126000,1.008912205696106,
4127000,1.2339043617248535,
4128000,1.108194351196289,
4129000,1.3421462774276733,
4130000,1.3549468517303467,
4131000,0.5370014309883118,
4132000,1.3536685705184937,
4133000,1.1204723119735718,
4134000,0.6579684019088745,
4135000,1.3517128229141235,
4136000,0.7762711048126221,
4137000,1.287268042564392,
4138000,0.448623925447464,
4139000,1.08739173412323,
4140000,1.0972336530685425,
4141000,0.1394081711769104,
4142000,1.0492851734161377,
4143000,0.16254368424415588,
4144000,0.3187670409679413,
4145000,1.232396125793457,
4146000,0.7886731624603271,
4147000,1.1855506896972656,
4148000,1.2798746824264526,
4149000,0.7279139757156372,
4150000,0.8624711632728577,
4151000,0.4386591613292694,
4152000,0.6788973808288574,
4153000,0.1954934149980545,
4154000,1.142422080039978,
4155000,0.19764764606952667,
4156000,0.9200423955917358,
4157000,0.3086155354976654,
4158000,0.5424793362617493,
4159000,1.3327968120574951,
4160000,0.6222646832466125,
4161000,0.6240790486335754,
4162000,1.3388863801956177,
4163000,1.357515573501587,
4164000,0.926990270614624,
4165000,0.22937491536140442,
4166000,1.3073630332946777,
4167000,0.6369703412055969,
4168000,0.5463485717773438,
4169000,0.8988907933235168,
4170000,0.5963895916938782,
4171000,0.754397988319397,
4172000,1.2236812114715576,
4173000,1.225250244140625,
4174000,1.1547367572784424,
4175000,0.9760262370109558,
4176000,1.0931276082992554,
4177000,0.5924108624458313,
4178000,1.2486333847045898,
4179000,0.23676598072052002,
4180000,0.38106852769851685,
4181000,0.42476794123649597,
4182000,1.2785460948944092,
4183000,0.7502977252006531,
4184000,0.2725432217121124,
4185000,0.7835156321525574,
4186000,1.0307047367095947,
4187000,0.8688841462135315,
4188000,0.6674792766571045,
4189000,0.5826656818389893,
4190000,1.2209476232528687,
4191000,0.28181421756744385,
4192000,0.531359076499939,
4193000,1.2892206907272339,
4194000,0.8170216083526611,
4195000,1.3575176000595093,
4196000,0.9428145289421082,
4197000,1.3065367937088013,
4198000,1.3621498346328735,
4199000,0.4351024925708771,
4200000,1.09847891330719,
4201000,1.3056716918945312,
4202000,1.3844510316848755,
4203000,0.5564269423484802,
4204000,0.9115654826164246,
4205000,1.2475831508636475,
4206000,0.31726789474487305,
4207000,1.262948751449585,
4208000,1.386147141456604,
4209000,1.2161706686019897,
4210000,1.3680881261825562,
4211000,0.956292450428009,
4212000,1.3676526546478271,
4213000,1.0678040981292725,
4214000,1.3485362529754639,
4215000,0.3023627996444702,
4216000,1.1143534183502197,
4217000,1.3733948469161987,
4218000,0.9540111422538757,
4219000,0.379930317401886,
4220000,1.3199411630630493,
4221000,1.2550852298736572,
4222000,0.6180466413497925,
4223000,1.1858569383621216,
4224000,1.3424146175384521,
4225000,1.3128172159194946,
4226000,1.3218945264816284,
4227000,1.0463868379592896,
4228000,0.9403051733970642,
4229000,1.1311227083206177,
4230000,1.1201802492141724,
4231000,0.18783125281333923,
4232000,0.3657248616218567,
4233000,1.2662379741668701,
4234000,1.333528995513916,
4235000,0.3350069522857666,
4236000,1.355236530303955,
4237000,1.339353084564209,
4238000,1.3639681339263916,
4239000,1.0471773147583008,
4240000,1.3834375143051147,
4241000,0.6419860124588013,
4242000,1.3512681722640991,
4243000,0.426791250705719,
4244000,0.842469334602356,
4245000,1.3590377569198608,
4246000,0.8408981561660767,
4247000,1.2597925662994385,
4248000,0.8800402283668518,
4249000,1.192021131515503,
4250000,1.3564473390579224,
4250000,1.3564473390579224,0.9517789927124977
4251000,0.9430537223815918,
4252000,1.0798033475875854,
4253000,0.9866223931312561,
4254000,0.3049353063106537,
4255000,1.1753860712051392,
4256000,1.373857855796814,
4257000,1.2306725978851318,
4258000,1.3721153736114502,
4259000,1.3103458881378174,
4260000,1.1641470193862915,
4261000,1.2862731218338013,
4262000,0.7594596743583679,
4263000,1.123254656791687,
4264000,0.23478735983371735,
4265000,0.7992129325866699,
4266000,1.092848777770996,
4267000,0.24464374780654907,
4268000,1.3589731454849243,
4269000,1.298862338066101,
4270000,1.348940372467041,
4271000,1.3574655055999756,
4272000,0.6555308103561401,
4273000,1.3422420024871826,
4274000,0.8021053075790405,
4275000,0.5556566715240479,
4276000,0.9336267113685608,
4277000,1.3615200519561768,
4278000,0.7519140839576721,
4279000,0.4851863980293274,
4280000,1.3634326457977295,
4281000,0.5929210782051086,
4282000,0.6068337559700012,
4283000,1.3353222608566284,
4284000,1.356151819229126,
4285000,1.242535948753357,
4286000,1.3001619577407837,
4287000,0.4883609712123871,
4288000,1.3776817321777344,
4289000,0.387660413980484,
4290000,1.3457964658737183,
4291000,0.786971926689148,
4292000,1.3536500930786133,
4293000,0.9315047860145569,
4294000,0.4292110204696655,
4295000,0.9901832938194275,
4296000,1.3057219982147217,
4297000,0.36110302805900574,
4298000,1.3678641319274902,
4299000,0.6363360285758972,
4300000,0.7630448341369629,
4301000,1.162535548210144,
4302000,1.258484125137329,
4303000,1.3577702045440674,
4304000,0.6735251545906067,
4305000,0.8714219331741333,
4306000,1.116478443145752,
4307000,1.3640180826187134,
4308000,0.7329478859901428,
4309000,0.8422597646713257,
4310000,0.9931776523590088,
4311000,0.47882211208343506,
4312000,0.7144169211387634,
4313000,1.344421625137329,
4314000,1.0046733617782593,
4315000,1.3355257511138916,
4316000,0.30666711926460266,
4317000,0.26219308376312256,
4318000,0.49249815940856934,
4319000,0.8667859435081482,
4320000,0.6766898036003113,
4321000,0.9162437319755554,
4322000,1.2407094240188599,
4323000,0.8646218776702881,
4324000,0.2473173886537552,
4325000,0.5136997699737549,
4326000,1.1819571256637573,
4327000,1.228594422340393,
4328000,0.4832783043384552,
4329000,0.6398905515670776,
4330000,1.0649783611297607,
4331000,1.1117218732833862,
4332000,0.6423220038414001,
4333000,1.3729796409606934,
4334000,0.6001845598220825,
4335000,1.2729485034942627,
4336000,1.353074312210083,
4337000,0.3343539834022522,
4338000,1.3690370321273804,
4339000,0.39597174525260925,
4340000,0.7331152558326721,
4341000,0.9817848205566406,
4342000,1.083032250404358,
4343000,1.1636625528335571,
4344000,0.9974225759506226,
4345000,0.7440370321273804,
4346000,1.2512328624725342,
4347000,1.268296241760254,
4348000,1.3306574821472168,
4349000,0.5189213752746582,
4350000,1.3508050441741943,
4351000,1.359818458557129,
4352000,1.1916404962539673,
4353000,1.3019176721572876,
4354000,0.5535314083099365,
4355000,1.3575276136398315,
4356000,1.2725993394851685,
4357000,0.783174991607666,
4358000,0.40317651629447937,
4359000,0.20833685994148254,
4360000,1.3572123050689697,
4361000,0.4255792200565338,
4362000,1.2325447797775269,
4363000,1.2181798219680786,
4364000,1.32710862159729,
4365000,1.2302250862121582,
4366000,0.3835865557193756,
4367000,1.3507903814315796,
4368000,0.19234243035316467,
4369000,0.7653138041496277,
4370000,1.3529855012893677,
4371000,1.3561090230941772,
4372000,1.2828255891799927,
4373000,0.165352925658226,
4374000,1.2579468488693237,
4375000,0.5632452964782715,
4376000,1.296581745147705,
4377000,1.3569352626800537,
4378000,1.2724816799163818,
4379000,1.1805862188339233,
4380000,1.2105919122695923,
4381000,0.4646647870540619,
4382000,1.2131624221801758,
4383000,1.3135663270950317,
4384000,0.9019309878349304,
4385000,0.733534038066864,
4386000,0.5310893058776855,
4387000,1.0583326816558838,
4388000,0.3606262505054474,
4389000,1.0600175857543945,
4390000,0.42748790979385376,
4391000,0.9870986938476562,
4392000,1.0649828910827637,
4393000,1.3160711526870728,
4394000,0.32149460911750793,
4395000,0.707394003868103,
4396000,1.2233991622924805,
4397000,0.3217012286186218,
4398000,1.1601210832595825,
4399000,0.9606848955154419,
4400000,1.3479712009429932,
4401000,1.36711847782135,
4402000,0.8784938454627991,
4403000,1.2989380359649658,
4404000,1.2644054889678955,
4405000,1.0286102294921875,
4406000,1.3283751010894775,
4407000,0.5577247738838196,
4408000,0.8538124561309814,
4409000,0.3373790681362152,
4410000,0.7202045321464539,
4411000,0.432094931602478,
4412000,0.7493071556091309,
4413000,1.3562932014465332,
4414000,1.361464500427246,
4415000,0.25634342432022095,
4416000,1.3261749744415283,
4417000,0.20263327658176422,
4418000,1.3693549633026123,
4419000,1.291904091835022,
4420000,1.2516413927078247,
4421000,1.0714333057403564,
4422000,1.336655855178833,
4423000,1.3685284852981567,
4424000,0.7264432907104492,
4425000,1.3614157438278198,
4426000,0.8354644775390625,
4427000,1.072033405303955,
4428000,0.8960344195365906,
4429000,0.7795548439025879,
4430000,1.1093254089355469,
4431000,0.34603166580200195,
4432000,0.19730918109416962,
4433000,0.40762147307395935,
4434000,0.26693466305732727,
4435000,0.3953837454319,
4436000,1.1995245218276978,
4437000,0.9478291869163513,
4438000,0.7640207409858704,
4439000,1.3007314205169678,
4440000,0.7066711783409119,
4441000,0.9746928215026855,
4442000,0.6674646139144897,
4443000,1.3851767778396606,
4444000,1.0934802293777466,
4445000,0.7348024249076843,
4446000,0.7265234589576721,
4447000,1.19240403175354,
4448000,1.369299054145813,
4449000,0.480123907327652,
4450000,0.9197620749473572,
4451000,0.6215885877609253,
4452000,0.7160515189170837,
4453000,1.3615354299545288,
4454000,0.8885046243667603,
4455000,1.340702772140503,
4456000,1.3501110076904297,
4457000,0.17317886650562286,
4458000,1.334244966506958,
4459000,0.684140145778656,
4460000,0.18282441794872284,
4461000,1.3543528318405151,
4462000,1.2419593334197998,
4463000,1.1612509489059448,
4464000,0.3334643244743347,
4465000,1.022291660308838,
4466000,1.1809192895889282,
4467000,1.3570520877838135,
4468000,1.348941683769226,
4469000,0.31359124183654785,
4470000,1.3575682640075684,
4471000,0.8187201023101807,
4472000,0.7626178860664368,
4473000,1.2193115949630737,
4474000,0.5080593228340149,
4475000,1.1556921005249023,
4476000,0.5974420309066772,
4477000,1.3587816953659058,
4478000,0.2816949486732483,
4479000,0.2609572112560272,
4480000,1.1927369832992554,
4481000,0.8683156967163086,
4482000,1.3463717699050903,
4483000,0.23856748640537262,
4484000,1.2601269483566284,
4485000,1.3504949808120728,
4486000,1.1564909219741821,
4487000,0.2948898375034332,
4488000,1.198339581489563,
4489000,0.7381301522254944,
4490000,1.345923662185669,
4491000,0.8119165897369385,
4492000,1.3616472482681274,
4493000,1.1992124319076538,
4494000,0.231191024184227,
4495000,0.39573660492897034,
4496000,0.6778989434242249,
4497000,0.7689672112464905,
4498000,1.3624353408813477,
4499000,0.9347890615463257,
4500000,0.2876676619052887,
4500000,0.2876676619052887,0.9218389877676963
4501000,0.8323031663894653,
4502000,1.0789560079574585,
4503000,0.4139120876789093,
4504000,0.516364574432373,
4505000,1.2684847116470337,
4506000,1.3222112655639648,
4507000,1.1687994003295898,
4508000,1.3538546562194824,
4509000,0.5654811859130859,
4510000,0.2666955292224884,
4511000,1.2109894752502441,
4512000,0.3375394344329834,
4513000,1.3252038955688477,
4514000,1.3218053579330444,
4515000,1.2418581247329712,
4516000,0.8673170804977417,
4517000,1.3076626062393188,
4518000,1.0967463254928589,
4519000,0.47984880208969116,
4520000,0.8144830465316772,
4521000,1.2020931243896484,
4522000,1.0269583463668823,
4523000,1.3528859615325928,
4524000,0.8195350766181946,
4525000,0.3060743808746338,
4526000,1.327257513999939,
4527000,1.232654333114624,
4528000,1.3103351593017578,
4529000,1.188612461090088,
4530000,1.356663703918457,
4531000,0.759718120098114,
4532000,1.3577288389205933,
4533000,0.2041880488395691,
4534000,1.2716659307479858,
4535000,0.8666212558746338,
4536000,1.3183889389038086,
4537000,1.3798490762710571,
4538000,0.8151776194572449,
4539000,0.6448603272438049,
4540000,0.8748742341995239,
4541000,1.305580735206604,
4542000,1.3297717571258545,
4543000,1.3017686605453491,
4544000,0.990670382976532,
4545000,0.9134411215782166,
4546000,1.345652461051941,
4547000,0.7034173607826233,
4548000,1.3696014881134033,
4549000,0.685304582118988,
4550000,0.2335173487663269,
4551000,1.0561286211013794,
4552000,1.3410964012145996,
4553000,0.16440370678901672,
4554000,1.3612948656082153,
4555000,0.29175418615341187,
4556000,1.299902319908142,
4557000,1.3534859418869019,
4558000,1.0184587240219116,
4559000,1.3541889190673828,
4560000,1.1640243530273438,
4561000,1.1539758443832397,
4562000,1.325748324394226,
4563000,1.1977882385253906,
4564000,1.3452682495117188,
4565000,1.366082787513733,
4566000,1.351936936378479,
4567000,1.0125778913497925,
4568000,0.9689563512802124,
4569000,1.2334860563278198,
4570000,0.7007021903991699,
4571000,0.5986835956573486,
4572000,0.5964768528938293,
4573000,0.4226096570491791,
4574000,0.5159687995910645,
4575000,0.36531445384025574,
4576000,1.1771512031555176,
4577000,1.3601140975952148,
4578000,1.2480778694152832,
4579000,0.49916353821754456,
4580000,0.7836055159568787,
4581000,1.1108503341674805,
4582000,1.364302158355713,
4583000,0.8780353665351868,
4584000,0.5014523267745972,
4585000,1.3513569831848145,
4586000,1.1786770820617676,
4587000,1.2761985063552856,
4588000,0.39590245485305786,
4589000,0.9558862447738647,
4590000,0.6000340580940247,
4591000,1.232352375984192,
4592000,1.2418614625930786,
4593000,0.3672075569629669,
4594000,1.3523577451705933,
4595000,0.30445396900177,
4596000,1.372775673866272,
4597000,1.369615912437439,
4598000,0.5471062660217285,
4599000,1.2407636642456055,
4600000,0.5777904391288757,
4601000,1.3650556802749634,
4602000,1.250407099723816,
4603000,1.2899590730667114,
4604000,1.3434398174285889,
4605000,1.377177119255066,
4606000,1.361241340637207,
4607000,1.1599959135055542,
4608000,1.3675495386123657,
4609000,1.3325467109680176,
4610000,0.2794839143753052,
4611000,0.5886502265930176,
4612000,1.087713360786438,
4613000,0.7007235884666443,
4614000,1.157008171081543,
4615000,1.1949933767318726,
4616000,1.254406213760376,
4617000,1.345517873764038,
4618000,1.3582431077957153,
4619000,1.2038350105285645,
4620000,0.7831842303276062,
4621000,0.8529016971588135,
4622000,0.7986565232276917,
4623000,1.1576387882232666,
4624000,1.181709885597229,
4625000,1.0566017627716064,
4626000,1.3399604558944702,
4627000,1.1725575923919678,
4628000,0.5828587412834167,
4629000,1.0893123149871826,
4630000,0.7198647260665894,
4631000,0.7232093214988708,
4632000,0.2544649839401245,
4633000,0.9589605331420898,
4634000,0.8245367407798767,
4635000,0.6809257864952087,
4636000,1.3206863403320312,
4637000,0.19341802597045898,
4638000,1.202117919921875,
4639000,1.3598709106445312,
4640000,0.5356619358062744,
4641000,1.3711796998977661,
4642000,1.2945399284362793,
4643000,0.3605920672416687,
4644000,0.7370196580886841,
4645000,0.7906129956245422,
4646000,1.2947256565093994,
4647000,1.3614681959152222,
4648000,1.3501441478729248,
4649000,1.2682740688323975,
4650000,0.48441970348358154,
4651000,0.6766204833984375,
4652000,0.6827815175056458,
4653000,1.3498413562774658,
4654000,1.2047879695892334,
4655000,1.2872962951660156,
4656000,1.3166186809539795,
4657000,0.27054569125175476,
4658000,0.46573320031166077,
4659000,0.5887312889099121,
4660000,0.6617794632911682,
4661000,1.3404552936553955,
4662000,1.1455657482147217,
4663000,1.2294055223464966,
4664000,0.2100498527288437,
4665000,1.3546289205551147,
4666000,0.6046748757362366,
4667000,1.337517499923706,
4668000,0.5985611081123352,
4669000,0.30691519379615784,
4670000,1.3521572351455688,
4671000,1.0719572305679321,
4672000,0.7020731568336487,
4673000,1.1593289375305176,
4674000,1.3701916933059692,
4675000,1.025712490081787,
4676000,1.3441622257232666,
4677000,1.225390076637268,
4678000,0.4293718636035919,
4679000,1.361733317375183,
4680000,1.3724265098571777,
4681000,1.1400847434997559,
4682000,1.3636897802352905,
4683000,1.369132399559021,
4684000,1.3393299579620361,
4685000,0.3070105314254761,
4686000,1.2948042154312134,
4687000,1.2861214876174927,
4688000,1.346791386604309,
4689000,1.2835261821746826,
4690000,0.5630710124969482,
4691000,1.3626887798309326,
4692000,0.7685521841049194,
4693000,0.2285742163658142,
4694000,0.6903893351554871,
4695000,0.2624812424182892,
4696000,1.2709453105926514,
4697000,0.659050464630127,
4698000,1.3634294271469116,
4699000,0.4632682800292969,
4700000,0.7627907395362854,
4701000,1.3371400833129883,
4702000,1.1175355911254883,
4703000,1.255301833152771,
4704000,1.235076904296875,
4705000,0.4817867577075958,
4706000,1.3523985147476196,
4707000,1.2329654693603516,
4708000,0.7559105753898621,
4709000,1.2128524780273438,
4710000,0.44220274686813354,
4711000,1.2474496364593506,
4712000,1.3512616157531738,
4713000,0.6437016725540161,
4714000,0.3150244653224945,
4715000,1.3543057441711426,
4716000,1.232488751411438,
4717000,0.9204213619232178,
4718000,0.4015279710292816,
4719000,1.1053752899169922,
4720000,1.3409531116485596,
4721000,0.585900604724884,
4722000,1.3171864748001099,
4723000,1.0807462930679321,
4724000,0.2225591391324997,
4725000,0.28235507011413574,
4726000,1.2560429573059082,
4727000,1.0204240083694458,
4728000,1.34810209274292,
4729000,0.9353711605072021,
4730000,1.361826777458191,
4731000,0.8133412599563599,
4732000,0.26345494389533997,
4733000,1.0710406303405762,
4734000,0.8131589293479919,
4735000,0.7004590034484863,
4736000,1.3568915128707886,
4737000,0.9738255739212036,
4738000,0.5631835460662842,
4739000,0.4333716928958893,
4740000,1.3593050241470337,
4741000,1.2401444911956787,
4742000,0.3856978416442871,
4743000,1.1724191904067993,
4744000,1.2123770713806152,
4745000,1.3629536628723145,
4746000,0.6977226138114929,
4747000,0.3806622624397278,
4748000,1.2142378091812134,
4749000,1.2707427740097046,
4750000,1.3342145681381226,
4750000,1.3342145681381226,0.9377632910013198
4751000,1.3682585954666138,
4752000,0.42858433723449707,
4753000,0.9585088491439819,
4754000,1.2436761856079102,
4755000,0.3320314288139343,
4756000,1.1687129735946655,
4757000,0.537954568862915,
4758000,0.5999598503112793,
4759000,0.80146723985672,
4760000,0.8162429928779602,
4761000,1.0905287265777588,
4762000,0.48738929629325867,
4763000,1.3631179332733154,
4764000,1.326410174369812,
4765000,0.4909621775150299,
4766000,0.2931833565235138,
4767000,1.1182397603988647,
4768000,0.972776472568512,
4769000,1.367329478263855,
4770000,1.2922911643981934,
4771000,0.8821172118186951,
4772000,1.3653810024261475,
4773000,1.0270105600357056,
4774000,0.6454464793205261,
4775000,1.3830666542053223,
4776000,1.3243762254714966,
4777000,1.2664321660995483,
4778000,0.7246098518371582,
4779000,1.3364763259887695,
4780000,0.9877554774284363,
4781000,0.8223199844360352,
4782000,0.5450423955917358,
4783000,1.384120225906372,
4784000,1.3450536727905273,
4785000,0.8061302900314331,
4786000,1.367426872253418,
4787000,0.6545013189315796,
4788000,0.5097888708114624,
4789000,1.3645845651626587,
4790000,0.8052539229393005,
4791000,1.2891912460327148,
4792000,1.0119869709014893,
4793000,1.3566923141479492,
4794000,1.1259714365005493,
4795000,1.3169472217559814,
4796000,1.0078582763671875,
4797000,1.2573070526123047,
4798000,1.051932692527771,
4799000,1.231663465499878,
4800000,0.8575266003608704,
4801000,1.1108665466308594,
4802000,1.3478760719299316,
4803000,1.3599119186401367,
4804000,0.8219545483589172,
4805000,1.3626967668533325,
4806000,1.0742661952972412,
4807000,0.944812536239624,
4808000,1.0714465379714966,
4809000,0.636512815952301,
4810000,0.6796332001686096,
4811000,0.6043915748596191,
4812000,1.0956088304519653,
4813000,1.3000643253326416,
4814000,1.345065712928772,
4815000,1.3520594835281372,
4816000,1.1188616752624512,
4817000,0.9215922951698303,
4818000,0.547775387763977,
4819000,0.8938151597976685,
4820000,0.8524508476257324,
4821000,1.3118541240692139,
4822000,0.25619497895240784,
4823000,1.3526517152786255,
4824000,1.1136478185653687,
4825000,1.2353425025939941,
4826000,1.2330960035324097,
4827000,1.3572118282318115,
4828000,0.8321486711502075,
4829000,1.289808750152588,
4830000,0.9897575378417969,
4831000,0.6648245453834534,
4832000,0.3760742247104645,
4833000,0.6889879703521729,
4834000,0.7493371367454529,
4835000,0.4430374801158905,
4836000,1.1031380891799927,
4837000,0.8099969029426575,
4838000,1.2168288230895996,
4839000,0.26557233929634094,
4840000,0.9434877038002014,
4841000,0.44226861000061035,
4842000,0.34123101830482483,
4843000,0.9800599217414856,
4844000,0.788815975189209,
4845000,1.3473408222198486,
4846000,1.3508174419403076,
4847000,1.3668588399887085,
4848000,1.07504403591156,
4849000,0.9950382709503174,
4850000,0.3931484818458557,
4851000,0.7156108021736145,
4852000,0.8348928093910217,
4853000,1.3477044105529785,
4854000,0.6756814122200012,
4855000,1.351255178451538,
4856000,1.3661818504333496,
4857000,0.898232638835907,
4858000,0.32182908058166504,
4859000,1.3480852842330933,
4860000,0.4752555787563324,
4861000,1.1381573677062988,
4862000,1.1074554920196533,
4863000,0.6563173532485962,
4864000,1.1790074110031128,
4865000,1.3754332065582275,
4866000,1.3427131175994873,
4867000,0.7179679274559021,
4868000,0.869491696357727,
4869000,0.18784867227077484,
4870000,1.2959229946136475,
4871000,1.3473981618881226,
4872000,0.6908286809921265,
4873000,0.9858189821243286,
4874000,1.3658286333084106,
4875000,1.0778166055679321,
4876000,1.1225991249084473,
4877000,0.48921406269073486,
4878000,1.1896824836730957,
4879000,1.362662672996521,
4880000,0.9448497295379639,
4881000,0.8959165811538696,
4882000,1.2802162170410156,
4883000,1.2976149320602417,
4884000,0.3686310946941376,
4885000,1.1508710384368896,
4886000,0.21488319337368011,
4887000,1.1393319368362427,
4888000,0.5980316400527954,
4889000,0.557921290397644,
4890000,1.3504070043563843,
4891000,0.9807384014129639,
4892000,0.8829784989356995,
4893000,0.9682287573814392,
4894000,0.7158803343772888,
4895000,1.3556801080703735,
4896000,1.283960223197937,
4897000,1.375886082649231,
4898000,1.1932588815689087,
4899000,1.3601117134094238,
4900000,1.3307162523269653,
4901000,0.5455141067504883,
4902000,1.32534921169281,
4903000,0.16607484221458435,
4904000,0.7811419367790222,
4905000,1.362775444984436,
4906000,1.1620995998382568,
4907000,1.356058955192566,
4908000,0.7551601529121399,
4909000,0.6412332057952881,
4910000,1.3470185995101929,
4911000,0.6046359539031982,
4912000,1.1231964826583862,
4913000,1.3162627220153809,
4914000,1.2828185558319092,
4915000,0.45467087626457214,
4916000,0.7505102157592773,
4917000,1.1727193593978882,
4918000,1.3705546855926514,
4919000,1.3698174953460693,
4920000,1.3618066310882568,
4921000,0.7055158019065857,
4922000,0.6317553520202637,
4923000,1.186340093612671,
4924000,0.6152358055114746,
4925000,0.8094977736473083,
4926000,0.6686391234397888,
4927000,0.9617295861244202,
4928000,0.5674927234649658,
4929000,1.372155785560608,
4930000,0.5530453324317932,
4931000,1.0174157619476318,
4932000,0.20500187575817108,
4933000,0.3671446144580841,
4934000,0.4646178185939789,
4935000,0.7399601936340332,
4936000,1.3257322311401367,
4937000,1.1908817291259766,
4938000,0.9347450137138367,
4939000,0.8140557408332825,
4940000,1.278150200843811,
4941000,1.2829976081848145,
4942000,0.7845560312271118,
4943000,0.2797691822052002,
4944000,0.9411269426345825,
4945000,0.62210613489151,
4946000,0.2223287969827652,
4947000,0.46109309792518616,
4948000,1.197187900543213,
4949000,0.5512223243713379,
4950000,0.6319055557250977,
4951000,0.2892085313796997,
4952000,0.20813220739364624,
4953000,1.2974493503570557,
4954000,1.2269006967544556,
4955000,1.2802364826202393,
4956000,1.2196919918060303,
4957000,0.9184296131134033,
4958000,1.2246042490005493,
4959000,0.21156860888004303,
4960000,1.3383649587631226,
4961000,1.261231541633606,
4962000,1.0589144229888916,
4963000,0.9699839353561401,
4964000,1.3493719100952148,
4965000,1.3591012954711914,
4966000,0.240324005484581,
4967000,1.284540057182312,
4968000,1.1384174823760986,
4969000,1.1679836511611938,
4970000,0.5845844149589539,
4971000,1.3093959093093872,
4972000,0.9930720925331116,
4973000,0.6893148422241211,
4974000,1.3543049097061157,
4975000,0.8355068564414978,
4976000,1.3101857900619507,
4977000,1.3531967401504517,
4978000,1.0001276731491089,
4979000,0.6400749087333679,
4980000,1.0228976011276245,
4981000,0.6553451418876648,
4982000,0.859652578830719,
4983000,0.7638350129127502,
4984000,1.163472056388855,
4985000,0.3363518714904785,
4986000,0.4850060045719147,
4987000,1.3641078472137451,
4988000,1.3670196533203125,
4989000,0.8795610070228577,
4990000,0.20296339690685272,
4991000,1.3629601001739502,
4992000,0.7284142374992371,
4993000,0.9059351086616516,
4994000,0.6944997906684875,
4995000,1.2585484981536865,
4996000,1.329196572303772,
4997000,1.1719520092010498,
4998000,0.2603527903556824,
4999000,1.1514217853546143,
5000000,1.0946369171142578,
5000000,1.0946369171142578,0.9583162921667099
5001000,0.8952358961105347,
5002000,0.6591877341270447,
5003000,0.5344523191452026,
5004000,1.3486850261688232,
5005000,1.2082622051239014,
5006000,0.3758580684661865,
5007000,1.3636716604232788,
5008000,0.4035457670688629,
5009000,1.3171234130859375,
5010000,0.23270928859710693,
5011000,1.3522943258285522,
5012000,0.875586986541748,
5013000,1.365135908126831,
5014000,1.3027230501174927,
5015000,0.6522960066795349,
5016000,0.699140727519989,
5017000,0.7755481004714966,
5018000,1.3566958904266357,
5019000,1.3281633853912354,
5020000,0.6812084913253784,
5021000,0.6884241700172424,
5022000,0.5454868674278259,
5023000,1.3582148551940918,
5024000,0.4589995741844177,
5025000,1.037894606590271,
5026000,0.7151269912719727,
5027000,1.2048686742782593,
5028000,1.347254753112793,
5029000,0.6628102660179138,
5030000,1.3059464693069458,
5031000,1.22731614112854,
5032000,0.6673334240913391,
5033000,1.3364490270614624,
5034000,0.8697389364242554,
5035000,1.3549752235412598,
5036000,1.3691868782043457,
5037000,1.0535475015640259,
5038000,1.3644988536834717,
5039000,1.1084020137786865,
5040000,0.2574276328086853,
5041000,0.4059240520000458,
5042000,0.6213802695274353,
5043000,1.257054328918457,
5044000,0.9798310995101929,
5045000,1.1207324266433716,
5046000,0.8467801213264465,
5047000,1.3792186975479126,
5048000,0.7987207174301147,
5049000,1.2157989740371704,
5050000,1.0651283264160156,
5051000,0.5800737738609314,
5052000,1.2782560586929321,
5053000,0.9649172425270081,
5054000,1.2942417860031128,
5055000,0.23277413845062256,
5056000,1.100449800491333,
5057000,1.1294360160827637,
5058000,0.8425592184066772,
5059000,0.8542385101318359,
5060000,0.39843446016311646,
5061000,1.0020333528518677,
5062000,1.270851969718933,
5063000,0.5375604629516602,
5064000,1.3245856761932373,
5065000,1.326830506324768,
5066000,1.2829433679580688,
5067000,1.1520581245422363,
5068000,1.2164117097854614,
5069000,1.329185128211975,
5070000,1.1858808994293213,
5071000,0.3621281385421753,
5072000,1.2681171894073486,
5073000,1.032780647277832,
5074000,1.3727577924728394,
5075000,0.8981452584266663,
5076000,0.6660138368606567,
5077000,1.3356661796569824,
5078000,0.9214996099472046,
5079000,0.9186893105506897,
5080000,1.3597456216812134,
5081000,1.3596909046173096,
5082000,1.192305326461792,
5083000,0.5927002429962158,
5084000,0.5880796313285828,
5085000,1.3521502017974854,
5086000,0.3464866280555725,
5087000,0.3225540220737457,
5088000,0.9223005175590515,
5089000,0.5015271902084351,
5090000,1.277121901512146,
5091000,1.2326668500900269,
5092000,0.6856597065925598,
5093000,1.1237483024597168,
5094000,0.9315833449363708,
5095000,1.0579150915145874,
5096000,0.7975599765777588,
5097000,0.7545532584190369,
5098000,1.2886847257614136,
5099000,1.313350796699524,
5100000,1.3486027717590332,
5101000,1.1985390186309814,
5102000,1.348649024963379,
5103000,0.29191821813583374,
5104000,0.6165480017662048,
5105000,0.3406534194946289,
5106000,0.22880102694034576,
5107000,0.25370532274246216,
5108000,0.8960592150688171,
5109000,0.4507186710834503,
5110000,1.3558400869369507,
5111000,1.273211121559143,
5112000,1.2396653890609741,
5113000,0.9816346168518066,
5114000,0.364269495010376,
5115000,1.3293598890304565,
5116000,0.47319886088371277,
5117000,0.3869421184062958,
5118000,1.0653327703475952,
5119000,0.868709146976471,
5120000,0.30203771591186523,
5121000,1.1980990171432495,
5122000,0.7649298310279846,
5123000,0.9037179946899414,
5124000,0.6238532066345215,
5125000,0.8737701773643494,
5126000,1.2526637315750122,
5127000,1.1363452672958374,
5128000,1.3511981964111328,
5129000,1.3378379344940186,
5130000,0.7300300598144531,
5131000,1.1393311023712158,
5132000,0.8853182196617126,
5133000,0.9559428691864014,
5134000,1.15819251537323,
5135000,0.30488309264183044,
5136000,0.2991864085197449,
5137000,1.23110830783844,
5138000,0.22535668313503265,
5139000,1.3551191091537476,
5140000,1.305497646331787,
5141000,1.2069076299667358,
5142000,1.3290361166000366,
5143000,1.3565824031829834,
5144000,0.5200453400611877,
5145000,0.5545199513435364,
5146000,1.366923451423645,
5147000,1.360673427581787,
5148000,0.8348984122276306,
5149000,1.3573354482650757,
5150000,1.1751585006713867,
5151000,1.3470410108566284,
5152000,0.23005296289920807,
5153000,0.6721205711364746,
5154000,0.4213552176952362,
5155000,0.2736586034297943,
5156000,0.6441113948822021,
5157000,0.49247974157333374,
5158000,0.7376400232315063,
5159000,1.3580855131149292,
5160000,0.9899800419807434,
5161000,0.7858932614326477,
5162000,1.252024531364441,
5163000,0.2235066294670105,
5164000,0.848891019821167,
5165000,0.372655987739563,
5166000,1.3168147802352905,
5167000,0.8401733636856079,
5168000,1.1375868320465088,
5169000,1.2182989120483398,
5170000,0.40573903918266296,
5171000,1.0360774993896484,
5172000,1.3236004114151,
5173000,1.3728805780410767,
5174000,0.3263623118400574,
5175000,1.2031574249267578,
5176000,1.3405269384384155,
5177000,0.9929072260856628,
5178000,0.29542118310928345,
5179000,0.717111349105835,
5180000,0.6683610677719116,
5181000,1.3745723962783813,
5182000,0.4751712679862976,
5183000,1.255259394645691,
5184000,1.3579884767532349,
5185000,1.0048991441726685,
5186000,0.41834259033203125,
5187000,0.5806131958961487,
5188000,0.19245545566082,
5189000,1.1387978792190552,
5190000,1.3413379192352295,
5191000,1.1219426393508911,
5192000,0.5740692019462585,
5193000,1.0929518938064575,
5194000,0.9229822158813477,
5195000,1.1465941667556763,
5196000,1.352339506149292,
5197000,1.3263843059539795,
5198000,0.17010405659675598,
5199000,1.167310118675232,
5200000,0.920062780380249,
5201000,1.3669723272323608,
5202000,1.3431239128112793,
5203000,1.0946732759475708,
5204000,0.6348922848701477,
5205000,1.377535343170166,
5206000,1.1721282005310059,
5207000,1.1227020025253296,
5208000,1.1706700325012207,
5209000,0.9819225072860718,
5210000,1.365791916847229,
5211000,0.8466668725013733,
5212000,1.185685634613037,
5213000,1.2415715456008911,
5214000,0.7381530404090881,
5215000,1.2678810358047485,
5216000,1.0401335954666138,
5217000,0.919404149055481,
5218000,0.2071346789598465,
5219000,1.1450910568237305,
5220000,0.40890732407569885,
5221000,0.4879809617996216,
5222000,0.3374822437763214,
5223000,1.3753286600112915,
5224000,0.21133460104465485,
5225000,0.47603434324264526,
5226000,1.2832238674163818,
5227000,1.1595598459243774,
5228000,1.3113783597946167,
5229000,0.8938249349594116,
5230000,1.4012608528137207,
5231000,1.3720641136169434,
5232000,0.7548534274101257,
5233000,0.5580478310585022,
5234000,1.154050588607788,
5235000,0.9231484532356262,
5236000,1.3648439645767212,
5237000,0.82611483335495,
5238000,0.509116530418396,
5239000,1.1567429304122925,
5240000,0.6445550918579102,
5241000,1.0479203462600708,
5242000,1.3538628816604614,
5243000,0.42737242579460144,
5244000,0.3073490560054779,
5245000,1.0868666172027588,
5246000,0.45083215832710266,
5247000,1.3374180793762207,
5248000,0.9359840750694275,
5249000,1.3615751266479492,
5250000,0.5440393686294556,
5250000,0.5440393686294556,0.9467081263661384
5251000,1.3535261154174805,
5252000,0.43167296051979065,
5253000,0.6841126680374146,
5254000,0.8933815360069275,
5255000,0.2888857424259186,
5256000,1.0918607711791992,
5257000,1.2631869316101074,
5258000,0.21306714415550232,
5259000,0.4441490173339844,
5260000,0.569875180721283,
5261000,0.9332407116889954,
5262000,0.22449974715709686,
5263000,0.6610795855522156,
5264000,1.1142696142196655,
5265000,0.7220248579978943,
5266000,1.2050297260284424,
5267000,0.973836362361908,
5268000,1.3089063167572021,
5269000,1.3084663152694702,
5270000,0.8234054446220398,
5271000,0.9174766540527344,
5272000,1.3649461269378662,
5273000,1.353393793106079,
5274000,0.9672916531562805,
5275000,0.29467034339904785,
5276000,0.5060899257659912,
5277000,1.3174219131469727,
5278000,1.1058157682418823,
5279000,1.1207919120788574,
5280000,1.335876226425171,
5281000,1.3740119934082031,
5282000,1.3701889514923096,
5283000,1.2272639274597168,
5284000,0.8534597158432007,
5285000,1.3456594944000244,
5286000,1.3446779251098633,
5287000,1.324241042137146,
5288000,0.7911977767944336,
5289000,0.764573872089386,
5290000,0.84529048204422,
5291000,0.7150202393531799,
5292000,1.0918651819229126,
5293000,0.18322761356830597,
5294000,1.0870248079299927,
5295000,1.3567458391189575,
5296000,1.149554967880249,
5297000,1.2716846466064453,
5298000,1.3615643978118896,
5299000,1.3590977191925049,
5300000,1.2058603763580322,
5301000,1.2678979635238647,
5302000,0.6088727712631226,
5303000,1.0004595518112183,
5304000,0.8619101047515869,
5305000,1.261618971824646,
5306000,1.3389028310775757,
5307000,1.3585782051086426,
5308000,1.0778229236602783,
5309000,1.168831467628479,
5310000,0.5574899315834045,
5311000,0.29021161794662476,
5312000,1.3164485692977905,
5313000,1.0382139682769775,
5314000,0.359031081199646,
5315000,0.7595733404159546,
5316000,1.360686182975769,
5317000,1.2276325225830078,
5318000,1.3591387271881104,
5319000,0.7738838791847229,
5320000,0.844013512134552,
5321000,0.8649219870567322,
5322000,0.5929640531539917,
5323000,0.7542836666107178,
5324000,1.0654605627059937,
5325000,0.4490402638912201,
5326000,1.3645862340927124,
5327000,0.531910240650177,
5328000,1.159236192703247,
5329000,1.2389943599700928,
5330000,0.6547761559486389,
5331000,0.6695011258125305,
5332000,1.3703081607818604,
5333000,1.0930430889129639,
5334000,0.5640098452568054,
5335000,0.2211029976606369,
5336000,0.8370233178138733,
5337000,0.7863391041755676,
5338000,1.015220284461975,
5339000,0.2848118245601654,
5340000,0.2745678722858429,
5341000,0.28016138076782227,
5342000,0.9871023297309875,
5343000,1.067910075187683,
5344000,0.3333462178707123,
5345000,0.6354579329490662,
5346000,1.3490850925445557,
5347000,1.3392051458358765,
5348000,0.8519397974014282,
5349000,0.9147700667381287,
5350000,1.2950106859207153,
5351000,0.5329433083534241,
5352000,0.25016310811042786,
5353000,1.258647084236145,
5354000,1.2964742183685303,
5355000,0.6352999210357666,
5356000,1.3284574747085571,
5357000,1.2819461822509766,
5358000,1.3541723489761353,
5359000,0.4019799828529358,
5360000,0.7868578433990479,
5361000,1.3778088092803955,
5362000,0.6846056580543518,
5363000,0.1442761868238449,
5364000,0.9141873121261597,
5365000,0.6235451698303223,
5366000,0.9826853275299072,
5367000,0.2083073854446411,
5368000,0.5936799645423889,
5369000,1.3349748849868774,
5370000,0.42728763818740845,
5371000,1.028873085975647,
5372000,0.43251144886016846,
5373000,1.3632545471191406,
5374000,0.6099424362182617,
5375000,0.6618005633354187,
5376000,0.5106831789016724,
5377000,1.335223913192749,
5378000,0.8757901787757874,
5379000,0.3201908469200134,
5380000,1.2056639194488525,
5381000,1.0483546257019043,
5382000,1.2923887968063354,
5383000,0.5772895812988281,
5384000,1.3728632926940918,
5385000,1.3623569011688232,
5386000,1.2963366508483887,
5387000,0.8209955096244812,
5388000,0.665224015712738,
5389000,1.3495489358901978,
5390000,0.886624813079834,
5391000,0.8826115131378174,
5392000,1.140806794166565,
5393000,1.3047329187393188,
5394000,0.4428749084472656,
5395000,1.1652220487594604,
5396000,1.3476454019546509,
5397000,0.48303574323654175,
5398000,0.33104848861694336,
5399000,0.3769156336784363,
5400000,1.209986686706543,
5401000,0.9571419358253479,
5402000,0.793013870716095,
5403000,1.0121492147445679,
5404000,1.3700510263442993,
5405000,1.1239652633666992,
5406000,1.3424875736236572,
5407000,1.188528299331665,
5408000,1.341965913772583,
5409000,0.7078927755355835,
5410000,1.0925681591033936,
5411000,1.3659588098526,
5412000,1.3677659034729004,
5413000,0.6710273027420044,
5414000,0.13911329209804535,
5415000,0.16478149592876434,
5416000,1.2493624687194824,
5417000,1.3533265590667725,
5418000,0.80811607837677,
5419000,0.920512318611145,
5420000,0.6796892881393433,
5421000,1.2849373817443848,
5422000,1.3125426769256592,
5423000,0.18438106775283813,
5424000,0.6678077578544617,
5425000,0.5992547273635864,
5426000,0.7235212326049805,
5427000,0.7336104512214661,
5428000,1.3555269241333008,
5429000,0.870499849319458,
5430000,0.5047532320022583,
5431000,1.3695576190948486,
5432000,0.5501107573509216,
5433000,1.2191866636276245,
5434000,1.3325915336608887,
5435000,1.0354763269424438,
5436000,0.32806873321533203,
5437000,1.325290322303772,
5438000,0.6395797729492188,
5439000,0.8584350347518921,
5440000,0.7523565888404846,
5441000,0.3249444365501404,
5442000,1.3119189739227295,
5443000,1.3750910758972168,
5444000,0.5786617398262024,
5445000,1.2390055656433105,
5446000,0.49247244000434875,
5447000,1.0301388502120972,
5448000,0.4074152112007141,
5449000,1.3745195865631104,
5450000,0.6641531586647034,
5451000,0.5601764917373657,
5452000,1.3188703060150146,
5453000,1.3495879173278809,
5454000,1.3393384218215942,
5455000,1.293002963066101,
5456000,0.5510663390159607,
5457000,1.1444040536880493,
5458000,0.6429995894432068,
5459000,1.0348567962646484,
5460000,1.33840012550354,
5461000,1.374107837677002,
5462000,0.7425578236579895,
5463000,1.365336537361145,
5464000,0.16345733404159546,
5465000,1.3675843477249146,
5466000,1.2637492418289185,
5467000,0.24861349165439606,
5468000,1.3339835405349731,
5469000,1.34726083278656,
5470000,0.7494350075721741,
5471000,0.6179587244987488,
5472000,0.9382094740867615,
5473000,1.1603881120681763,
5474000,1.3048533201217651,
5475000,0.7037603855133057,
5476000,0.5331796407699585,
5477000,0.27086764574050903,
5478000,0.5884197354316711,
5479000,1.3666497468948364,
5480000,1.3508893251419067,
5481000,1.3434760570526123,
5482000,1.3109066486358643,
5483000,0.9579800367355347,
5484000,1.3591865301132202,
5485000,0.8395869731903076,
5486000,0.8483007550239563,
5487000,0.7961292266845703,
5488000,1.1888879537582397,
5489000,1.2951016426086426,
5490000,1.067594289779663,
5491000,1.1943628787994385,
5492000,0.8304068446159363,
5493000,0.29995039105415344,
5494000,0.37031567096710205,
5495000,0.48023301362991333,
5496000,0.41448765993118286,
5497000,1.1648367643356323,
5498000,0.7995328903198242,
5499000,0.9395086169242859,
5500000,0.5964145064353943,
5500000,0.5964145064353943,0.9526419749855995
5501000,0.5245822072029114,
5502000,1.2588293552398682,
5503000,0.31238290667533875,
5504000,0.3644302189350128,
5505000,1.1852132081985474,
5506000,0.7612258195877075,
5507000,1.3457099199295044,
5508000,1.3547760248184204,
5509000,0.9332551956176758,
5510000,0.5399152040481567,
5511000,0.7305031418800354,
5512000,0.41642099618911743,
5513000,1.0168468952178955,
5514000,1.1063483953475952,
5515000,1.243445634841919,
5516000,0.642917811870575,
5517000,1.3281669616699219,
5518000,0.1817484200000763,
5519000,0.6374455690383911,
5520000,1.3875716924667358,
5521000,0.7651336193084717,
5522000,0.9486104249954224,
5523000,0.675186038017273,
5524000,1.3728834390640259,
5525000,1.3517587184906006,
5526000,1.364587664604187,
5527000,1.286312460899353,
5528000,1.3544349670410156,
5529000,0.6625308394432068,
5530000,1.2802879810333252,
5531000,0.3647783696651459,
5532000,0.30021432042121887,
5533000,0.17069874703884125,
5534000,0.5755283832550049,
5535000,1.0627918243408203,
5536000,1.3442485332489014,
5537000,0.33949896693229675,
5538000,0.8512701392173767,
5539000,0.627703070640564,
5540000,0.8474763631820679,
5541000,1.1792430877685547,
5542000,0.8406276106834412,
5543000,1.3488447666168213,
5544000,1.164567470550537,
5545000,0.2458408921957016,
5546000,0.5863053202629089,
5547000,1.2308436632156372,
5548000,0.2089449018239975,
5549000,1.2792601585388184,
5550000,0.5727254152297974,
5551000,0.8945649862289429,
5552000,1.3365522623062134,
5553000,0.3148289620876312,
5554000,1.3468451499938965,
5555000,0.5367791056632996,
5556000,1.1309789419174194,
5557000,0.9714848399162292,
5558000,0.9033185839653015,
5559000,0.6327534317970276,
5560000,1.351095199584961,
5561000,0.22445815801620483,
5562000,0.8167104125022888,
5563000,1.3378355503082275,
5564000,0.6273794770240784,
5565000,1.252512812614441,
5566000,0.38474974036216736,
5567000,1.2704064846038818,
5568000,1.2435117959976196,
5569000,1.3662049770355225,
5570000,1.0060266256332397,
5571000,0.6364963054656982,
5572000,1.3462735414505005,
5573000,1.3600441217422485,
5574000,1.3529753684997559,
5575000,1.3715777397155762,
5576000,0.7936298251152039,
5577000,0.733862042427063,
5578000,1.0469623804092407,
5579000,0.5505852103233337,
5580000,0.1737721860408783,
5581000,0.7403959035873413,
5582000,0.2570619285106659,
5583000,1.356737732887268,
5584000,0.16011826694011688,
5585000,1.3737843036651611,
5586000,1.1359163522720337,
5587000,0.6036458611488342,
5588000,1.3635330200195312,
5589000,1.369545578956604,
5590000,0.7150377631187439,
5591000,0.475563108921051,
5592000,1.3592828512191772,
5593000,0.41748419404029846,
5594000,0.7174932360649109,
5595000,0.9098728895187378,
5596000,1.358242392539978,
5597000,1.1998261213302612,
5598000,0.9900826215744019,
5599000,1.2427626848220825,
5600000,1.104608178138733,
5601000,0.7513909339904785,
5602000,0.4803934395313263,
5603000,1.3604565858840942,
5604000,1.3437033891677856,
5605000,1.3179517984390259,
5606000,1.3589063882827759,
5607000,0.2790890634059906,
5608000,1.0087635517120361,
5609000,1.3591668605804443,
5610000,0.2630525529384613,
5611000,0.624120831489563,
5612000,1.1063485145568848,
5613000,1.0736980438232422,
5614000,0.745395839214325,
5615000,0.6508007049560547,
5616000,1.3088610172271729,
5617000,0.8000876307487488,
5618000,0.2673300504684448,
5619000,0.5591703057289124,
5620000,0.9596548676490784,
5621000,1.2660058736801147,
5622000,0.44252434372901917,
5623000,1.3575129508972168,
5624000,0.8980400562286377,
5625000,1.0770950317382812,
5626000,1.2040505409240723,
5627000,0.7321996688842773,
5628000,1.3622987270355225,
5629000,0.9515050053596497,
5630000,0.9746994376182556,
5631000,1.2877278327941895,
5632000,1.0294318199157715,
5633000,0.2558521628379822,
5634000,1.0931227207183838,
5635000,1.3525731563568115,
5636000,0.4992167353630066,
5637000,0.8314943909645081,
5638000,1.3588590621948242,
5639000,0.7043070793151855,
5640000,1.2204257249832153,
5641000,1.0593547821044922,
5642000,0.9784929752349854,
5643000,1.34661066532135,
5644000,1.0229146480560303,
5645000,1.1013550758361816,
5646000,0.7665676474571228,
5647000,0.2512226402759552,
5648000,1.1825350522994995,
5649000,1.3405834436416626,
5650000,0.7301552891731262,
5651000,0.8956437110900879,
5652000,0.6085942387580872,
5653000,1.2130049467086792,
5654000,0.2282056361436844,
5655000,1.2072234153747559,
5656000,1.3136837482452393,
5657000,0.6040443181991577,
5658000,1.3676406145095825,
5659000,0.3106520473957062,
5660000,0.714348316192627,
5661000,0.8044808506965637,
5662000,0.8773553967475891,
5663000,0.6392655372619629,
5664000,1.368969440460205,
5665000,1.2085891962051392,
5666000,0.8952094912528992,
5667000,1.346176028251648,
5668000,1.302808165550232,
5669000,1.365338921546936,
5670000,0.27058151364326477,
5671000,0.94295334815979,
5672000,0.4683500826358795,
5673000,0.9319040775299072,
5674000,0.5032634139060974,
5675000,0.8090481162071228,
5676000,1.2025871276855469,
5677000,1.296644687652588,
5678000,0.6472033262252808,
5679000,1.1766148805618286,
5680000,0.6026787757873535,
5681000,1.171217679977417,
5682000,0.4523601233959198,
5683000,0.5788269639015198,
5684000,0.6246078014373779,
5685000,0.8158029317855835,
5686000,0.8016855120658875,
5687000,1.3639520406723022,
5688000,0.6155411601066589,
5689000,1.2203474044799805,
5690000,1.2129237651824951,
5691000,0.6918681859970093,
5692000,1.2799477577209473,
5693000,0.30240532755851746,
5694000,0.9814308881759644,
5695000,0.9267700910568237,
5696000,1.2346259355545044,
5697000,1.3528392314910889,
5698000,0.7852823138237,
5699000,1.1886074542999268,
5700000,1.3669285774230957,
5701000,0.47347065806388855,
5702000,1.2424421310424805,
5703000,1.2141647338867188,
5704000,0.7431682348251343,
5705000,0.4034281075000763,
5706000,1.3626288175582886,
5707000,1.265350580215454,
5708000,1.1773663759231567,
5709000,1.368647813796997,
5710000,1.3726192712783813,
5711000,1.3596316576004028,
5712000,1.0283973217010498,
5713000,0.19804300367832184,
5714000,1.3655312061309814,
5715000,1.2075581550598145,
5716000,0.6346251964569092,
5717000,0.8085743188858032,
5718000,1.3472868204116821,
5719000,1.0972137451171875,
5720000,1.3544700145721436,
5721000,1.1730884313583374,
5722000,0.6133064031600952,
5723000,0.8440702557563782,
5724000,1.2183629274368286,
5725000,1.3129545450210571,
5726000,1.3525762557983398,
5727000,0.275989294052124,
5728000,0.3070499002933502,
5729000,0.9460071921348572,
5730000,0.5334997177124023,
5731000,1.3033736944198608,
5732000,1.34292471408844,
5733000,0.8383572697639465,
5734000,1.3694698810577393,
5735000,0.19437047839164734,
5736000,0.6223793625831604,
5737000,0.799155056476593,
5738000,0.7527735233306885,
5739000,0.28252115845680237,
5740000,0.7154691815376282,
5741000,1.3590127229690552,
5742000,1.2525397539138794,
5743000,1.3556467294692993,
5744000,1.343935251235962,
5745000,1.1760972738265991,
5746000,1.0453522205352783,
5747000,1.1722301244735718,
5748000,1.2612926959991455,
5749000,0.42921775579452515,
5750000,1.2180931568145752,
5750000,1.2180931568145752,0.9228639763593673
5751000,1.3609665632247925,
5752000,0.6102333068847656,
5753000,0.18490324914455414,
5754000,0.6835536360740662,
5755000,0.3811657726764679,
5756000,1.3718152046203613,
5757000,0.7152360677719116,
5758000,0.4470077455043793,
5759000,1.343203067779541,
5760000,0.6517030000686646,
5761000,0.7211927175521851,
5762000,1.3168604373931885,
5763000,0.8778876662254333,
5764000,0.2686532735824585,
5765000,1.3550775051116943,
5766000,0.6347947716712952,
5767000,1.369712471961975,
5768000,0.9451342225074768,
5769000,1.3419189453125,
5770000,1.3479586839675903,
5771000,1.1831085681915283,
5772000,1.0026371479034424,
5773000,0.6942697763442993,
5774000,0.6351744532585144,
5775000,1.2715990543365479,
5776000,1.1737195253372192,
5777000,1.2578736543655396,
5778000,1.370702862739563,
5779000,1.2483835220336914,
5780000,1.3524192571640015,
5781000,0.5192074775695801,
5782000,0.6037671566009521,
5783000,1.2093192338943481,
5784000,0.21278096735477448,
5785000,1.3215335607528687,
5786000,1.0777642726898193,
5787000,0.6491292715072632,
5788000,0.39838406443595886,
5789000,0.6641680002212524,
5790000,0.9157853722572327,
5791000,0.4446604549884796,
5792000,0.9072616100311279,
5793000,0.5658004283905029,
5794000,0.6642265319824219,
5795000,1.3162370920181274,
5796000,1.2843847274780273,
5797000,0.9433690905570984,
5798000,0.8710419535636902,
5799000,0.7589772939682007,
5800000,1.368005633354187,
5801000,0.9972954392433167,
5802000,1.3587620258331299,
5803000,0.7113054394721985,
5804000,1.3306257724761963,
5805000,1.1713215112686157,
5806000,0.33221083879470825,
5807000,0.6023681163787842,
5808000,0.21606475114822388,
5809000,0.8079676628112793,
5810000,1.2986865043640137,
5811000,0.1358027458190918,
5812000,0.9016976952552795,
5813000,0.3567699193954468,
5814000,1.2073040008544922,
5815000,1.3480148315429688,
5816000,1.2172271013259888,
5817000,1.3649356365203857,
5818000,0.915070652961731,
5819000,0.9627638459205627,
5820000,1.3124052286148071,
5821000,1.3647828102111816,
5822000,1.3512859344482422,
5823000,1.3701719045639038,
5824000,1.3523005247116089,
5825000,1.1887776851654053,
5826000,1.2448763847351074,
5827000,0.3792138695716858,
5828000,1.3218282461166382,
5829000,0.7265585660934448,
5830000,0.9198660254478455,
5831000,0.6657692193984985,
5832000,0.6858663558959961,
5833000,1.3675898313522339,
5834000,1.2487804889678955,
5835000,0.8597614765167236,
5836000,0.976707398891449,
5837000,0.8629546761512756,
5838000,0.6724500060081482,
5839000,0.7737348079681396,
5840000,1.2514909505844116,
5841000,1.341138482093811,
5842000,1.0103505849838257,
5843000,1.251525640487671,
5844000,1.0121948719024658,
5845000,1.36741304397583,
5846000,0.5254400968551636,
5847000,0.6489013433456421,
5848000,1.336741328239441,
5849000,1.3502061367034912,
5850000,1.2627936601638794,
5851000,1.2966372966766357,
5852000,1.244386911392212,
5853000,1.2670576572418213,
5854000,0.8627520203590393,
5855000,1.3634793758392334,
5856000,1.3225889205932617,
5857000,0.6593639254570007,
5858000,1.3464329242706299,
5859000,1.311130404472351,
5860000,1.3315610885620117,
5861000,1.3395516872406006,
5862000,0.9613240957260132,
5863000,1.1678059101104736,
5864000,1.3598695993423462,
5865000,0.4987020492553711,
5866000,1.2903039455413818,
5867000,1.0979161262512207,
5868000,1.3614920377731323,
5869000,0.6562749147415161,
5870000,0.9884620904922485,
5871000,1.137093186378479,
5872000,0.8766369223594666,
5873000,0.5691913962364197,
5874000,1.2507561445236206,
5875000,0.8513806462287903,
5876000,0.4122941792011261,
5877000,0.2035563588142395,
5878000,0.6845272779464722,
5879000,0.37681645154953003,
5880000,1.3507189750671387,
5881000,1.0322234630584717,
5882000,1.2244975566864014,
5883000,0.5742117166519165,
5884000,0.5975175499916077,
5885000,0.43714773654937744,
5886000,0.2218841165304184,
5887000,0.36619171500205994,
5888000,0.45017388463020325,
5889000,0.32919663190841675,
5890000,0.7171381115913391,
5891000,1.3619886636734009,
5892000,1.3592162132263184,
5893000,0.9445362091064453,
5894000,0.5233116149902344,
5895000,1.351280689239502,
5896000,0.4033956527709961,
5897000,1.3752713203430176,
5898000,0.7547810077667236,
5899000,1.281901240348816,
5900000,0.5783839225769043,
5901000,0.2576011121273041,
5902000,1.0879625082015991,
5903000,0.8039555549621582,
5904000,1.3480135202407837,
5905000,1.3439768552780151,
5906000,1.3370108604431152,
5907000,1.3688726425170898,
5908000,1.3339862823486328,
5909000,1.3465497493743896,
5910000,1.2928427457809448,
5911000,0.8696471452713013,
5912000,1.3528635501861572,
5913000,0.6232505440711975,
5914000,0.8268457651138306,
5915000,1.3462245464324951,
5916000,1.1639891862869263,
5917000,0.3024943172931671,
5918000,1.362465739250183,
5919000,0.2234368920326233,
5920000,0.4814498722553253,
5921000,0.7973718643188477,
5922000,1.19571053981781,
5923000,1.2268873453140259,
5924000,1.3597203493118286,
5925000,1.3224319219589233,
5926000,1.2974597215652466,
5927000,0.81365567445755,
5928000,0.6003451943397522,
5929000,0.5414096117019653,
5930000,0.5795977711677551,
5931000,0.5142173171043396,
5932000,0.6838938593864441,
5933000,1.1043781042099,
5934000,1.235188364982605,
5935000,0.25627049803733826,
5936000,0.69134122133255,
5937000,1.3086930513381958,
5938000,0.7962982058525085,
5939000,1.2869898080825806,
5940000,1.2170569896697998,
5941000,1.370328426361084,
5942000,1.352830410003662,
5943000,1.1587457656860352,
5944000,0.7860294580459595,
5945000,0.5268078446388245,
5946000,0.4546724855899811,
5947000,1.30475914478302,
5948000,1.3414376974105835,
5949000,0.6663027405738831,
5950000,1.3604639768600464,
5951000,1.3169595003128052,
5952000,1.0033310651779175,
5953000,1.3327906131744385,
5954000,0.9123762845993042,
5955000,1.3599389791488647,
5956000,1.14118230342865,
5957000,1.344107747077942,
5958000,1.2334257364273071,
5959000,1.1124736070632935,
5960000,0.7250352501869202,
5961000,0.6475246548652649,
5962000,1.278929591178894,
5963000,0.9842965602874756,
5964000,0.7403780221939087,
5965000,1.088929295539856,
5966000,1.1503722667694092,
5967000,1.2474173307418823,
5968000,1.084226131439209,
5969000,1.35547935962677,
5970000,0.3896597623825073,
5971000,1.3464269638061523,
5972000,1.1905137300491333,
5973000,1.1332218647003174,
5974000,1.3509451150894165,
5975000,0.6333557963371277,
5976000,1.3553062677383423,
5977000,1.1802103519439697,
5978000,0.6851940751075745,
5979000,0.2506055533885956,
5980000,1.3317492008209229,
5981000,0.7717697024345398,
5982000,0.95052170753479,
5983000,0.7657451033592224,
5984000,1.3650147914886475,
5985000,0.6208392381668091,
5986000,0.7321578860282898,
5987000,1.3652095794677734,
5988000,0.5032170414924622,
5989000,0.7053881287574768,
5990000,0.7183491587638855,
5991000,1.2261725664138794,
5992000,1.3686432838439941,
5993000,0.9247811436653137,
5994000,1.0918794870376587,
5995000,0.9242673516273499,
5996000,0.9502222537994385,
5997000,0.27698448300361633,
5998000,1.244387149810791,
5999000,0.806975781917572,
6000000,0.7286334037780762,
6000000,0.7286334037780762,0.9434182241559028
6001000,1.3629785776138306,
6002000,1.2749830484390259,
6003000,1.3019603490829468,
6004000,0.7902265191078186,
6005000,1.363319993019104,
6006000,1.3539670705795288,
6007000,0.3773389756679535,
6008000,1.0884150266647339,
6009000,0.9408726096153259,
6010000,1.1539231538772583,
6011000,0.4961290657520294,
6012000,0.7254148125648499,
6013000,0.192622572183609,
6014000,1.06325101852417,
6015000,0.9471566677093506,
6016000,1.3693976402282715,
6017000,1.3632020950317383,
6018000,0.654577910900116,
6019000,0.738313615322113,
6020000,1.1349157094955444,
6021000,0.6203234195709229,
6022000,0.8898412585258484,
6023000,0.9018733501434326,
6024000,1.3713202476501465,
6025000,0.6093166470527649,
6026000,1.2991716861724854,
6027000,1.3624718189239502,
6028000,0.7187879681587219,
6029000,1.1555896997451782,
6030000,1.185126781463623,
6031000,1.368632197380066,
6032000,0.6612052321434021,
6033000,0.9000635743141174,
6034000,0.28257206082344055,
6035000,0.8065449595451355,
6036000,0.6530247926712036,
6037000,1.3269164562225342,
6038000,0.7341371774673462,
6039000,0.2656507194042206,
6040000,0.5173603892326355,
6041000,1.1933834552764893,
6042000,0.353948175907135,
6043000,0.986420750617981,
6044000,1.212548017501831,
6045000,0.8187403678894043,
6046000,1.3139182329177856,
6047000,0.6907768249511719,
6048000,1.3360835313796997,
6049000,1.0906275510787964,
6050000,0.7788531184196472,
6051000,1.0415849685668945,
6052000,1.1904222965240479,
6053000,0.32835811376571655,
6054000,0.5266547799110413,
6055000,1.3802255392074585,
6056000,0.36252352595329285,
6057000,1.3683000802993774,
6058000,1.2488768100738525,
6059000,1.2269330024719238,
6060000,0.7761831879615784,
6061000,0.3530016839504242,
6062000,1.1552797555923462,
6063000,1.3498437404632568,
6064000,1.3431025743484497,
6065000,1.3524725437164307,
6066000,0.5120002627372742,
6067000,1.011307954788208,
6068000,0.4842383563518524,
6069000,1.3349502086639404,
6070000,1.2124159336090088,
6071000,1.2866586446762085,
6072000,0.4470454156398773,
6073000,1.2595776319503784,
6074000,1.1390972137451172,
6075000,0.843711256980896,
6076000,1.3658322095870972,
6077000,1.2763874530792236,
6078000,1.2859289646148682,
6079000,0.5765310525894165,
6080000,0.26852577924728394,
6081000,1.2728241682052612,
6082000,0.5327283143997192,
6083000,1.0771687030792236,
6084000,0.5847259163856506,
6085000,1.2593052387237549,
6086000,0.7292313575744629,
6087000,1.3502943515777588,
6088000,0.9434736967086792,
6089000,0.8723667860031128,
6090000,1.3708502054214478,
6091000,0.7713839411735535,
6092000,1.2723325490951538,
6093000,1.1705418825149536,
6094000,0.8773682117462158,
6095000,0.7011226415634155,
6096000,0.5079094171524048,
6097000,1.1444216966629028,
6098000,0.32121843099594116,
6099000,1.2220405340194702,
6100000,0.9453590512275696,
6101000,1.2265270948410034,
6102000,0.3042157292366028,
6103000,1.1278717517852783,
6104000,1.0158846378326416,
6105000,0.8195088505744934,
6106000,0.7111517190933228,
6107000,0.6465532183647156,
6108000,1.3365097045898438,
6109000,0.5251879692077637,
6110000,0.947153627872467,
6111000,1.0831011533737183,
6112000,0.6116313934326172,
6113000,1.3352128267288208,
6114000,1.0321396589279175,
6115000,0.6808362603187561,
6116000,1.3642377853393555,
6117000,0.41241854429244995,
6118000,0.6708018183708191,
6119000,0.5295870900154114,
6120000,0.711003303527832,
6121000,0.19455815851688385,
6122000,1.2391955852508545,
6123000,1.2153956890106201,
6124000,1.065029263496399,
6125000,0.6128191947937012,
6126000,0.6562709212303162,
6127000,0.49732646346092224,
6128000,1.3596289157867432,
6129000,0.816719651222229,
6130000,0.32696613669395447,
6131000,1.310450792312622,
6132000,1.0273420810699463,
6133000,1.3644355535507202,
6134000,0.42889660596847534,
6135000,0.800577700138092,
6136000,1.187362790107727,
6137000,1.3832305669784546,
6138000,1.1443898677825928,
6139000,1.3457460403442383,
6140000,1.1378538608551025,
6141000,0.8069657683372498,
6142000,0.559431254863739,
6143000,0.9916969537734985,
6144000,0.8620140552520752,
6145000,0.6182780265808105,
6146000,0.51999831199646,
6147000,0.4542086124420166,
6148000,1.0322239398956299,
6149000,1.372138500213623,
6150000,0.6594633460044861,
6151000,0.545071005821228,
6152000,1.364925742149353,
6153000,1.2616848945617676,
6154000,0.8585816025733948,
6155000,1.278442621231079,
6156000,0.2832597494125366,
6157000,1.363637089729309,
6158000,1.2357736825942993,
6159000,1.3806712627410889,
6160000,0.9266400337219238,
6161000,1.32404625415802,
6162000,1.3525159358978271,
6163000,1.343887209892273,
6164000,1.3593833446502686,
6165000,0.35364454984664917,
6166000,0.7286092042922974,
6167000,1.3060001134872437,
6168000,1.1975202560424805,
6169000,1.3647618293762207,
6170000,1.363122582435608,
6171000,1.3384701013565063,
6172000,1.356087565422058,
6173000,0.9254539608955383,
6174000,1.1225861310958862,
6175000,1.2250688076019287,
6176000,0.9957157373428345,
6177000,0.2800244092941284,
6178000,0.810653805732727,
6179000,0.3528505563735962,
6180000,1.3683134317398071,
6181000,0.6885995864868164,
6182000,1.3273427486419678,
6183000,0.9529688954353333,
6184000,0.9793789386749268,
6185000,1.3694602251052856,
6186000,1.217989206314087,
6187000,1.0298882722854614,
6188000,0.8607862591743469,
6189000,1.2452622652053833,
6190000,1.3274542093276978,
6191000,1.2215393781661987,
6192000,0.8504496812820435,
6193000,0.9112290143966675,
6194000,0.2907811999320984,
6195000,0.3506653606891632,
6196000,0.8985604643821716,
6197000,0.2626330256462097,
6198000,0.5582077503204346,
6199000,1.2090715169906616,
6200000,0.3899398446083069,
6201000,0.7608166933059692,
6202000,1.3049479722976685,
6203000,1.3358162641525269,
6204000,1.2897158861160278,
6205000,1.0495822429656982,
6206000,0.6985801458358765,
6207000,1.1508750915527344,
6208000,0.9873337745666504,
6209000,1.33986234664917,
6210000,1.3699208498001099,
6211000,0.6711817383766174,
6212000,1.162311315536499,
6213000,1.3460224866867065,
6214000,0.4625779986381531,
6215000,1.203248381614685,
6216000,1.3216670751571655,
6217000,0.22625181078910828,
6218000,1.0583099126815796,
6219000,1.3292367458343506,
6220000,1.2847635746002197,
6221000,1.2914403676986694,
6222000,1.3781712055206299,
6223000,1.3539193868637085,
6224000,1.3634388446807861,
6225000,0.6922683715820312,
6226000,1.1884443759918213,
6227000,0.8616403937339783,
6228000,1.2764314413070679,
6229000,0.42571890354156494,
6230000,1.1907531023025513,
6231000,0.6252330541610718,
6232000,1.3687454462051392,
6233000,0.3294127583503723,
6234000,1.3824841976165771,
6235000,1.1409101486206055,
6236000,1.115645170211792,
6237000,0.6173874735832214,
6238000,1.3368690013885498,
6239000,1.1967843770980835,
6240000,0.637239396572113,
6241000,1.2013070583343506,
6242000,0.5622864365577698,
6243000,1.0836992263793945,
6244000,1.141231894493103,
6245000,0.6837623715400696,
6246000,1.3596954345703125,
6247000,0.7828993201255798,
6248000,1.2882893085479736,
6249000,0.8729029893875122,
6250000,1.3520476818084717,
6250000,1.3520476818084717,0.9573234361410141
6251000,0.5946833491325378,
6252000,0.7284577488899231,
6253000,1.2205109596252441,
6254000,0.47066953778266907,
6255000,1.1755192279815674,
6256000,0.7396700978279114,
6257000,1.205280065536499,
6258000,1.2923753261566162,
6259000,1.2957961559295654,
6260000,1.3608665466308594,
6261000,0.2546485364437103,
6262000,1.1640006303787231,
6263000,0.5471315383911133,
6264000,1.3388299942016602,
6265000,1.2068651914596558,
6266000,0.661666750907898,
6267000,0.8399516344070435,
6268000,1.3193358182907104,
6269000,1.2253972291946411,
6270000,1.3275052309036255,
6271000,1.0671378374099731,
6272000,1.1131579875946045,
6273000,1.3407506942749023,
6274000,0.3630540370941162,
6275000,1.336901307106018,
6276000,1.347572922706604,
6277000,0.37697312235832214,
6278000,0.7145342826843262,
6279000,1.3472951650619507,
6280000,0.8044699430465698,
6281000,1.365671157836914,
6282000,1.3518998622894287,
6283000,0.23122137784957886,
6284000,0.43474695086479187,
6285000,0.3374687433242798,
6286000,1.2736568450927734,
6287000,0.912743330001831,
6288000,1.2433832883834839,
6289000,1.3187878131866455,
6290000,0.832364022731781,
6291000,1.233552098274231,
6292000,1.0611635446548462,
6293000,0.6174994111061096,
6294000,1.2690660953521729,
6295000,0.6605867147445679,
6296000,1.3156161308288574,
6297000,1.119706630706787,
6298000,1.3578673601150513,
6299000,0.34302499890327454,
6300000,0.3135291337966919,
6301000,1.3654744625091553,
6302000,0.8123217225074768,
6303000,1.3550771474838257,
6304000,1.3596456050872803,
6305000,0.8410532474517822,
6306000,1.3570747375488281,
6307000,1.3624941110610962,
6308000,0.8960177898406982,
6309000,1.2352910041809082,
6310000,0.9849258065223694,
6311000,0.46072790026664734,
6312000,1.3541607856750488,
6313000,0.43840038776397705,
6314000,0.15642772614955902,
6315000,0.41069990396499634,
6316000,0.7763089537620544,
6317000,1.2932580709457397,
6318000,1.3266737461090088,
6319000,0.5160788893699646,
6320000,0.7629542946815491,
6321000,1.361350178718567,
6322000,0.8620535135269165,
6323000,1.0112378597259521,
6324000,0.7014771103858948,
6325000,0.35935595631599426,
6326000,0.6870336532592773,
6327000,1.2822227478027344,
6328000,0.7334136366844177,
6329000,1.345699429512024,
6330000,0.953496515750885,
6331000,1.1768238544464111,
6332000,0.2733301520347595,
6333000,1.164415955543518,
6334000,1.2475175857543945,
6335000,1.202201008796692,
6336000,0.6596300005912781,
6337000,1.023276448249817,
6338000,1.269320011138916,
6339000,0.5098180174827576,
6340000,0.5733911991119385,
6341000,0.49547287821769714,
6342000,1.1775730848312378,
6343000,0.9353840351104736,
6344000,0.5761836767196655,
6345000,1.316910982131958,
6346000,0.4858359396457672,
6347000,1.3254754543304443,
6348000,1.084183692932129,
6349000,1.0138822793960571,
6350000,1.3520839214324951,
6351000,0.7567786574363708,
6352000,1.144763708114624,
6353000,0.571057915687561,
6354000,1.1967912912368774,
6355000,0.29333844780921936,
6356000,0.701015293598175,
6357000,1.0628527402877808,
6358000,1.4085301160812378,
6359000,0.9967104196548462,
6360000,1.3381749391555786,
6361000,1.3666107654571533,
6362000,1.154789924621582,
6363000,0.6773871779441833,
6364000,0.5485984086990356,
6365000,0.3201775550842285,
6366000,1.3622463941574097,
6367000,0.5599003434181213,
6368000,0.26032984256744385,
6369000,1.3546713590621948,
6370000,1.0364261865615845,
6371000,1.3449387550354004,
6372000,0.5336635112762451,
6373000,1.05055832862854,
6374000,0.3156362473964691,
6375000,0.6283986568450928,
6376000,1.3592947721481323,
6377000,0.44828006625175476,
6378000,1.023077130317688,
6379000,0.46072426438331604,
6380000,1.3874073028564453,
6381000,1.3045624494552612,
6382000,1.288116216659546,
6383000,1.3099855184555054,
6384000,1.3141266107559204,
6385000,0.7177695035934448,
6386000,0.733423113822937,
6387000,0.2537606656551361,
6388000,0.5338793992996216,
6389000,0.44386112689971924,
6390000,0.5639216303825378,
6391000,1.1576217412948608,
6392000,1.1694636344909668,
6393000,1.3577038049697876,
6394000,0.3681192100048065,
6395000,0.4072984755039215,
6396000,1.3654096126556396,
6397000,1.3256733417510986,
6398000,1.158974528312683,
6399000,1.1989705562591553,
6400000,1.2211154699325562,
6401000,0.32888349890708923,
6402000,1.2183748483657837,
6403000,0.5669219493865967,
6404000,0.6874585747718811,
6405000,1.2173388004302979,
6406000,0.7664344310760498,
6407000,1.3623387813568115,
6408000,1.0896260738372803,
6409000,0.6017053127288818,
6410000,0.3245438039302826,
6411000,1.3524699211120605,
6412000,0.5477577447891235,
6413000,1.2584530115127563,
6414000,0.7079748511314392,
6415000,1.3044570684432983,
6416000,1.1759989261627197,
6417000,1.3366725444793701,
6418000,1.171944260597229,
6419000,1.075034260749817,
6420000,1.3452798128128052,
6421000,0.5653548836708069,
6422000,1.191308617591858,
6423000,1.3609861135482788,
6424000,1.3593780994415283,
6425000,0.3297812044620514,
6426000,1.191580891609192,
6427000,1.1010479927062988,
6428000,1.2885229587554932,
6429000,0.2247374802827835,
6430000,1.0695648193359375,
6431000,1.2895045280456543,
6432000,1.3154256343841553,
6433000,0.7016825675964355,
6434000,1.1818815469741821,
6435000,0.83674156665802,
6436000,0.838765025138855,
6437000,0.3425024747848511,
6438000,0.2308845967054367,
6439000,0.9450967311859131,
6440000,1.3445208072662354,
6441000,1.3790515661239624,
6442000,0.16194480657577515,
6443000,0.4182240962982178,
6444000,1.3215503692626953,
6445000,1.2495112419128418,
6446000,1.1995633840560913,
6447000,1.3436490297317505,
6448000,0.8737481832504272,
6449000,1.0033354759216309,
6450000,1.1869386434555054,
6451000,0.9126443862915039,
6452000,0.8371480703353882,
6453000,1.2546517848968506,
6454000,0.8097044229507446,
6455000,1.2829456329345703,
6456000,1.0980554819107056,
6457000,1.0055787563323975,
6458000,0.7945252656936646,
6459000,1.2726967334747314,
6460000,1.3497745990753174,
6461000,0.6124510169029236,
6462000,1.3610317707061768,
6463000,1.2537117004394531,
6464000,1.354624629020691,
6465000,1.083237886428833,
6466000,0.657233476638794,
6467000,1.3695348501205444,
6468000,1.0605487823486328,
6469000,0.8047811388969421,
6470000,1.3644957542419434,
6471000,0.6528388261795044,
6472000,0.4626888930797577,
6473000,1.2219878435134888,
6474000,0.637424111366272,
6475000,0.690644383430481,
6476000,0.49984923005104065,
6477000,0.8870381712913513,
6478000,1.3619837760925293,
6479000,1.2338876724243164,
6480000,1.3268849849700928,
6481000,1.3619533777236938,
6482000,0.14898990094661713,
6483000,0.4598008394241333,
6484000,0.778104305267334,
6485000,0.7317835688591003,
6486000,0.2235986590385437,
6487000,1.008928894996643,
6488000,0.4847641885280609,
6489000,0.28569409251213074,
6490000,0.5635428428649902,
6491000,0.3638172745704651,
6492000,0.5822540521621704,
6493000,0.8655930757522583,
6494000,1.335935354232788,
6495000,1.3665001392364502,
6496000,1.3442739248275757,
6497000,0.4185440242290497,
6498000,1.0213178396224976,
6499000,1.3771107196807861,
6500000,1.3514875173568726,
6500000,1.3514875173568726,0.9385290393233299
6501000,1.325132966041565,
6502000,1.0892914533615112,
6503000,1.2477084398269653,
6504000,0.2608170509338379,
6505000,0.36578482389450073,
6506000,1.355560302734375,
6507000,1.252665638923645,
6508000,0.7232872247695923,
6509000,0.9441869854927063,
6510000,0.6402981281280518,
6511000,0.22687312960624695,
6512000,0.3520081043243408,
6513000,1.214888572692871,
6514000,0.6290865540504456,
6515000,1.0179169178009033,
6516000,1.3370956182479858,
6517000,0.6252022981643677,
6518000,0.9464733004570007,
6519000,0.5677549242973328,
6520000,1.3598606586456299,
6521000,1.3700350522994995,
6522000,0.9360339641571045,
6523000,1.2989190816879272,
6524000,1.356852650642395,
6525000,0.6053256988525391,
6526000,0.2988762855529785,
6527000,0.5548987984657288,
6528000,0.22180132567882538,
6529000,1.2426508665084839,
6530000,1.3147929906845093,
6531000,0.7519208192825317,
6532000,0.5281209945678711,
6533000,1.3437812328338623,
6534000,0.7082493305206299,
6535000,0.5187297463417053,
6536000,0.18111133575439453,
6537000,1.1429688930511475,
6538000,0.6365109086036682,
6539000,0.7398157715797424,
6540000,0.5422491431236267,
6541000,1.3546453714370728,
6542000,1.2033982276916504,
6543000,0.8429551720619202,
6544000,1.328286051750183,
6545000,1.3610174655914307,
6546000,0.8887126445770264,
6547000,1.3449769020080566,
6548000,0.5596716403961182,
6549000,1.3526999950408936,
6550000,1.3639557361602783,
6551000,0.6764686703681946,
6552000,1.0254034996032715,
6553000,0.9369041919708252,
6554000,1.1253235340118408,
6555000,0.5693141222000122,
6556000,1.113221287727356,
6557000,0.35372284054756165,
6558000,1.2359062433242798,
6559000,0.46794408559799194,
6560000,0.5410329699516296,
6561000,0.8941090703010559,
6562000,0.7276399731636047,
6563000,0.47031059861183167,
6564000,1.3170067071914673,
6565000,0.9281195402145386,
6566000,1.346423625946045,
6567000,0.7331721782684326,
6568000,1.3464553356170654,
6569000,1.201190710067749,
6570000,1.3490506410598755,
6571000,0.30066466331481934,
6572000,1.365343451499939,
6573000,1.0628852844238281,
6574000,1.0908643007278442,
6575000,1.1853914260864258,
6576000,1.3353699445724487,
6577000,1.357005000114441,
6578000,1.3558250665664673,
6579000,0.21120095252990723,
6580000,0.5742809772491455,
6581000,1.0150052309036255,
6582000,1.3592106103897095,
6583000,0.8827946186065674,
6584000,0.6780392527580261,
6585000,0.4435415267944336,
6586000,1.3020408153533936,
6587000,0.1672629415988922,
6588000,1.3275600671768188,
6589000,1.2044020891189575,
6590000,0.18969011306762695,
6591000,1.3428493738174438,
6592000,1.2691632509231567,
6593000,1.3725271224975586,
6594000,0.8049501776695251,
6595000,1.2110282182693481,
6596000,1.2378036975860596,
6597000,0.2964932918548584,
6598000,1.1032315492630005,
6599000,1.202864170074463,
6600000,1.3423957824707031,
6601000,1.3360108137130737,
6602000,1.2808146476745605,
6603000,0.256449431180954,
6604000,1.3532551527023315,
6605000,0.6490169167518616,
6606000,1.2120232582092285,
6607000,0.7018133401870728,
6608000,0.51447993516922,
6609000,1.167904257774353,
6610000,1.2764889001846313,
6611000,1.3379977941513062,
6612000,1.1865202188491821,
6613000,0.611391544342041,
6614000,0.8417047262191772,
6615000,0.4197675585746765,
6616000,1.3597232103347778,
6617000,1.3444135189056396,
6618000,0.27812278270721436,
6619000,1.1638895273208618,
6620000,1.3616684675216675,
6621000,0.7274650931358337,
6622000,0.5553718209266663,
6623000,0.6075122952461243,
6624000,0.48036009073257446,
6625000,1.2503280639648438,
6626000,0.8048571348190308,
6627000,1.300929307937622,
6628000,1.365596890449524,
6629000,1.3502041101455688,
6630000,1.2212690114974976,
6631000,1.309456467628479,
6632000,1.2706631422042847,
6633000,1.3425512313842773,
6634000,1.3581331968307495,
6635000,0.24202214181423187,
6636000,0.9592798948287964,
6637000,1.3667768239974976,
6638000,0.9026075005531311,
6639000,1.362890601158142,
6640000,0.8200486898422241,
6641000,1.2054812908172607,
6642000,1.3202826976776123,
6643000,1.3784559965133667,
6644000,0.939690113067627,
6645000,0.3115631639957428,
6646000,1.3265637159347534,
6647000,1.326013207435608,
6648000,1.2759202718734741,
6649000,1.1609605550765991,
6650000,1.1707812547683716,
6651000,0.21489252150058746,
6652000,0.9229959845542908,
6653000,1.3181685209274292,
6654000,0.9394431114196777,
6655000,0.5107859969139099,
6656000,0.31323206424713135,
6657000,1.3454996347427368,
6658000,1.172742247581482,
6659000,1.3781554698944092,
6660000,1.3374974727630615,
6661000,0.5856335759162903,
6662000,1.2496930360794067,
6663000,0.5594789981842041,
6664000,1.346924066543579,
6665000,1.358227014541626,
6666000,1.3266189098358154,
6667000,1.2926685810089111,
6668000,0.48312124609947205,
6669000,1.2980269193649292,
6670000,1.3679287433624268,
6671000,1.3648194074630737,
6672000,0.8300987482070923,
6673000,0.3685342073440552,
6674000,0.4015894830226898,
6675000,0.8787098526954651,
6676000,0.5020068883895874,
6677000,0.7225354909896851,
6678000,1.3572156429290771,
6679000,0.5656188726425171,
6680000,0.7003238201141357,
6681000,0.35845983028411865,
6682000,1.3660234212875366,
6683000,0.9910576939582825,
6684000,1.3417775630950928,
6685000,1.2062357664108276,
6686000,0.5315802693367004,
6687000,0.5905611515045166,
6688000,1.3182382583618164,
6689000,1.3433048725128174,
6690000,1.366937518119812,
6691000,0.3369106948375702,
6692000,1.2571322917938232,
6693000,1.2596465349197388,
6694000,1.3802480697631836,
6695000,1.071988582611084,
6696000,0.3662451207637787,
6697000,1.1781584024429321,
6698000,1.2224438190460205,
6699000,0.9638926386833191,
6700000,1.2925010919570923,
6701000,1.3470209836959839,
6702000,1.1502020359039307,
6703000,0.3878270387649536,
6704000,0.33802488446235657,
6705000,1.2232998609542847,
6706000,0.8006614446640015,
6707000,1.3496649265289307,
6708000,0.1642715483903885,
6709000,0.45210760831832886,
6710000,0.7468220591545105,
6711000,1.348891019821167,
6712000,1.064060926437378,
6713000,0.27122944593429565,
6714000,0.17627012729644775,
6715000,0.20305135846138,
6716000,0.23793156445026398,
6717000,1.3274345397949219,
6718000,0.9760830402374268,
6719000,0.5124316215515137,
6720000,1.1009817123413086,
6721000,1.3537578582763672,
6722000,0.9001179337501526,
6723000,1.3650556802749634,
6724000,0.7963443994522095,
6725000,0.6288939714431763,
6726000,1.3529633283615112,
6727000,1.2724359035491943,
6728000,0.5406878590583801,
6729000,1.2505192756652832,
6730000,1.0896679162979126,
6731000,1.3472282886505127,
6732000,1.337738037109375,
6733000,1.3668559789657593,
6734000,0.2918027639389038,
6735000,0.8916628956794739,
6736000,1.3477808237075806,
6737000,1.3590729236602783,
6738000,1.2624396085739136,
6739000,1.2836596965789795,
6740000,1.3566218614578247,
6741000,1.352630853652954,
6742000,0.4754067063331604,
6743000,1.0570874214172363,
6744000,0.5534690618515015,
6745000,1.3699735403060913,
6746000,0.44034281373023987,
6747000,0.5028882622718811,
6748000,1.233140230178833,
6749000,1.3560713529586792,
6750000,0.6160809397697449,
6750000,0.6160809397697449,0.9479097104072571
6751000,1.3550114631652832,
6752000,1.3302764892578125,
6753000,0.48525986075401306,
6754000,0.9348952174186707,
6755000,0.5786883234977722,
6756000,1.370347023010254,
6757000,1.2905378341674805,
6758000,0.7412052750587463,
6759000,1.1699793338775635,
6760000,0.9086026549339294,
6761000,0.5161020755767822,
6762000,0.7295759320259094,
6763000,0.35852479934692383,
6764000,0.8032122254371643,
6765000,1.3270686864852905,
6766000,1.3115406036376953,
6767000,0.728777289390564,
6768000,1.3503315448760986,
6769000,0.6451085805892944,
6770000,0.9763885140419006,
6771000,1.1694560050964355,
6772000,0.8758023381233215,
6773000,0.7594144344329834,
6774000,1.3498648405075073,
6775000,0.7472517490386963,
6776000,0.43450337648391724,
6777000,1.302918553352356,
6778000,1.3727065324783325,
6779000,0.24294975399971008,
6780000,0.6939297318458557,
6781000,1.357101559638977,
6782000,0.685775876045227,
6783000,0.7877945303916931,
6784000,0.622825026512146,
6785000,1.3470287322998047,
6786000,0.7466061115264893,
6787000,0.43476754426956177,
6788000,1.3643852472305298,
6789000,1.1831802129745483,
6790000,0.7740743160247803,
6791000,0.8744936585426331,
6792000,0.3068317770957947,
6793000,0.17222250998020172,
6794000,1.3399813175201416,
6795000,1.3077791929244995,
6796000,1.234607219696045,
6797000,1.2041469812393188,
6798000,1.3277355432510376,
6799000,1.2200735807418823,
6800000,1.3414379358291626,
6801000,0.6480721831321716,
6802000,1.226378083229065,
6803000,0.5145267844200134,
6804000,1.2026817798614502,
6805000,1.1992838382720947,
6806000,0.4118679165840149,
6807000,1.2633332014083862,
6808000,0.2665087878704071,
6809000,1.0379340648651123,
6810000,1.2273292541503906,
6811000,0.6116341948509216,
6812000,0.3575178384780884,
6813000,0.9878812432289124,
6814000,0.6123110055923462,
6815000,1.342924952507019,
6816000,1.3578040599822998,
6817000,0.278631329536438,
6818000,0.9241322875022888,
6819000,0.5288224220275879,
6820000,1.3417266607284546,
6821000,1.3179608583450317,
6822000,1.3112871646881104,
6823000,0.40980425477027893,
6824000,0.2547603249549866,
6825000,0.995621383190155,
6826000,1.2811223268508911,
6827000,0.4380929172039032,
6828000,1.1811857223510742,
6829000,1.3747373819351196,
6830000,0.17700502276420593,
6831000,0.5515370965003967,
6832000,1.3373945951461792,
6833000,1.147720456123352,
6834000,1.0377393960952759,
6835000,0.34702447056770325,
6836000,1.1860603094100952,
6837000,1.360953450202942,
6838000,0.80330890417099,
6839000,1.2328232526779175,
6840000,1.2740075588226318,
6841000,1.1352587938308716,
6842000,1.303642749786377,
6843000,0.4878044128417969,
6844000,0.5066630244255066,
6845000,1.3569376468658447,
6846000,0.3417251706123352,
6847000,0.8159151077270508,
6848000,1.3023767471313477,
6849000,0.316657155752182,
6850000,0.27563542127609253,
6851000,0.9509387016296387,
6852000,1.1612741947174072,
6853000,1.348852515220642,
6854000,0.6773821115493774,
6855000,1.290134310722351,
6856000,1.3627984523773193,
6857000,0.5764479041099548,
6858000,1.3449231386184692,
6859000,1.181699275970459,
6860000,1.3114054203033447,
6861000,1.348156213760376,
6862000,1.2977991104125977,
6863000,1.2313023805618286,
6864000,0.7858781218528748,
6865000,1.3298120498657227,
6866000,1.2713268995285034,
6867000,0.8800227046012878,
6868000,1.3538440465927124,
6869000,1.3436436653137207,
6870000,0.6481600999832153,
6871000,1.2346738576889038,
6872000,1.2095633745193481,
6873000,1.1852457523345947,
6874000,1.3581938743591309,
6875000,0.9946004748344421,
6876000,1.3545867204666138,
6877000,0.5958589911460876,
6878000,1.176921010017395,
6879000,1.319054126739502,
6880000,1.1523194313049316,
6881000,0.8579218983650208,
6882000,1.3041118383407593,
6883000,1.3366259336471558,
6884000,1.000888466835022,
6885000,0.5241158604621887,
6886000,1.2164846658706665,
6887000,0.5885849595069885,
6888000,0.3297629654407501,
6889000,1.3712493181228638,
6890000,1.3652971982955933,
6891000,1.3432921171188354,
6892000,0.8484230041503906,
6893000,0.8189020752906799,
6894000,0.5180588960647583,
6895000,0.46917617321014404,
6896000,0.3879688084125519,
6897000,1.342856526374817,
6898000,1.3537440299987793,
6899000,1.364013910293579,
6900000,1.3390662670135498,
6901000,0.6318475008010864,
6902000,0.6154406070709229,
6903000,0.3155544698238373,
6904000,1.0854742527008057,
6905000,0.4408362805843353,
6906000,0.6367923617362976,
6907000,1.3604758977890015,
6908000,1.2563800811767578,
6909000,1.360491394996643,
6910000,0.25429537892341614,
6911000,1.2136911153793335,
6912000,1.2494388818740845,
6913000,0.7746866941452026,
6914000,0.7349408268928528,
6915000,1.2273528575897217,
6916000,0.21562470495700836,
6917000,1.2035220861434937,
6918000,1.3705180883407593,
6919000,1.3631501197814941,
6920000,1.355421543121338,
6921000,1.381710171699524,
6922000,1.3595541715621948,
6923000,1.234109878540039,
6924000,0.7389589548110962,
6925000,0.6753120422363281,
6926000,0.7895204424858093,
6927000,1.3380390405654907,
6928000,1.3560855388641357,
6929000,1.354524850845337,
6930000,0.5263159871101379,
6931000,0.7008057236671448,
6932000,1.3630008697509766,
6933000,0.37433531880378723,
6934000,0.24772398173809052,
6935000,1.3422082662582397,
6936000,1.3226784467697144,
6937000,0.4623577296733856,
6938000,0.5433942675590515,
6939000,1.0641884803771973,
6940000,1.35495126247406,
6941000,1.3526898622512817,
6942000,1.3508028984069824,
6943000,1.1637616157531738,
6944000,1.3724082708358765,
6945000,0.22872644662857056,
6946000,1.3141741752624512,
6947000,0.44797849655151367,
6948000,0.43283611536026,
6949000,1.314508318901062,
6950000,1.0590269565582275,
6951000,1.1731528043746948,
6952000,1.338820219039917,
6953000,1.3642301559448242,
6954000,0.6676264405250549,
6955000,1.368183970451355,
6956000,0.24116148054599762,
6957000,1.3180278539657593,
6958000,1.2259621620178223,
6959000,1.085407018661499,
6960000,0.8866076469421387,
6961000,0.29543688893318176,
6962000,0.20144572854042053,
6963000,1.1157047748565674,
6964000,0.8732228875160217,
6965000,0.42623504996299744,
6966000,0.19879573583602905,
6967000,1.3727375268936157,
6968000,1.3533079624176025,
6969000,0.7557117342948914,
6970000,1.1737178564071655,
6971000,1.1461344957351685,
6972000,0.3681003451347351,
6973000,1.0674829483032227,
6974000,0.7436099648475647,
6975000,1.2199887037277222,
6976000,1.3661713600158691,
6977000,0.4238598048686981,
6978000,1.3502501249313354,
6979000,0.8749348521232605,
6980000,1.1183981895446777,
6981000,0.450859397649765,
6982000,0.66581130027771,
6983000,1.0077205896377563,
6984000,1.3315377235412598,
6985000,1.338513731956482,
6986000,1.288926362991333,
6987000,1.3421443700790405,
6988000,1.3059786558151245,
6989000,1.1891223192214966,
6990000,0.37277844548225403,
6991000,0.1525319665670395,
6992000,0.21358135342597961,
6993000,0.2088923305273056,
6994000,0.3652799129486084,
6995000,1.0899957418441772,
6996000,1.2171152830123901,
6997000,0.3690938651561737,
6998000,0.9737139344215393,
6999000,1.2456495761871338,
7000000,1.0131701231002808,
7000000,1.0131701231002808,0.953986422419548
7001000,0.7838982939720154,
7002000,1.104987382888794,
7003000,1.2847322225570679,
7004000,1.3726493120193481,
7005000,1.3669226169586182,
7006000,0.8315122723579407,
7007000,1.0769920349121094,
7008000,0.5885247588157654,
7009000,1.2087211608886719,
7010000,1.106207013130188,
7011000,1.1916751861572266,
7012000,0.7465090155601501,
7013000,1.3652546405792236,
7014000,0.788551390171051,
7015000,1.349635362625122,
7016000,1.3669791221618652,
7017000,1.2525955438613892,
7018000,0.7920995950698853,
7019000,0.5994464755058289,
7020000,1.3454818725585938,
7021000,0.8200344443321228,
7022000,0.48864078521728516,
7023000,0.15526610612869263,
7024000,0.9800837635993958,
7025000,0.5969576835632324,
7026000,0.6703857183456421,
7027000,1.0965803861618042,
7028000,0.37963736057281494,
7029000,0.9208441376686096,
7030000,0.7299683094024658,
7031000,1.3669536113739014,
7032000,1.300119161605835,
7033000,1.1935198307037354,
7034000,0.8185498118400574,
7035000,0.6531503796577454,
7036000,0.7068352103233337,
7037000,0.8738425374031067,
7038000,1.3496179580688477,
7039000,0.700308084487915,
7040000,1.3487454652786255,
7041000,1.331932783126831,
7042000,0.8774384260177612,
7043000,1.175254464149475,
7044000,0.6897862553596497,
7045000,0.9445052146911621,
7046000,0.276591032743454,
7047000,1.2430108785629272,
7048000,1.2032731771469116,
7049000,1.132391333580017,
7050000,1.2791668176651,
7051000,1.3658040761947632,
7052000,0.9231110215187073,
7053000,1.1162914037704468,
7054000,1.2959831953048706,
7055000,0.9299198985099792,
7056000,0.6615483164787292,
7057000,0.6503687500953674,
7058000,0.3028963804244995,
7059000,0.21599651873111725,
7060000,1.313934326171875,
7061000,1.2768441438674927,
7062000,0.22787383198738098,
7063000,1.0741076469421387,
7064000,0.562211811542511,
7065000,0.8151151537895203,
7066000,1.194582462310791,
7067000,0.6958235502243042,
7068000,0.24677059054374695,
7069000,0.8388976454734802,
7070000,1.2275605201721191,
7071000,1.3578821420669556,
7072000,0.5869308114051819,
7073000,0.3825908899307251,
7074000,1.3496761322021484,
7075000,0.7898436188697815,
7076000,1.3179913759231567,
7077000,1.2181044816970825,
7078000,0.4456276595592499,
7079000,1.3442288637161255,
7080000,1.353578805923462,
7081000,0.23800025880336761,
7082000,0.39973849058151245,
7083000,1.3603981733322144,
7084000,1.1842197179794312,
7085000,1.3803796768188477,
7086000,0.9497061967849731,
7087000,0.9400564432144165,
7088000,1.349241852760315,
7089000,1.3594019412994385,
7090000,0.3367295265197754,
7091000,0.8185144662857056,
7092000,1.0867973566055298,
7093000,1.3452743291854858,
7094000,1.345343828201294,
7095000,0.7787691950798035,
7096000,0.24522143602371216,
7097000,1.0190696716308594,
7098000,0.5053926706314087,
7099000,0.41341403126716614,
7100000,1.369282603263855,
7101000,0.3764509856700897,
7102000,0.9581317901611328,
7103000,0.694057047367096,
7104000,0.8585963845252991,
7105000,1.0133743286132812,
7106000,1.3333913087844849,
7107000,1.347784399986267,
7108000,0.9921965003013611,
7109000,1.2815327644348145,
7110000,0.2569983899593353,
7111000,1.365169882774353,
7112000,1.2717113494873047,
7113000,1.3523006439208984,
7114000,1.246192216873169,
7115000,1.050679326057434,
7116000,0.9941657781600952,
7117000,0.7701086401939392,
7118000,1.3563169240951538,
7119000,1.3574856519699097,
7120000,1.1489380598068237,
7121000,1.3085813522338867,
7122000,0.9091858863830566,
7123000,0.86290442943573,
7124000,1.1709575653076172,
7125000,1.3420758247375488,
7126000,0.7969892024993896,
7127000,0.4839346408843994,
7128000,1.3454025983810425,
7129000,0.6726912260055542,
7130000,0.45179641246795654,
7131000,0.32777950167655945,
7132000,0.9943076968193054,
7133000,1.3741496801376343,
7134000,0.3725986182689667,
7135000,0.7440435290336609,
7136000,0.7674398422241211,
7137000,0.7368295788764954,
7138000,1.1377462148666382,
7139000,1.3457138538360596,
7140000,0.5412381887435913,
7141000,0.576790452003479,
7142000,1.124198079109192,
7143000,0.5003650784492493,
7144000,0.93415766954422,
7145000,1.3178112506866455,
7146000,1.1752896308898926,
7147000,1.2543333768844604,
7148000,0.8157198429107666,
7149000,1.3616834878921509,
7150000,1.2092710733413696,
7151000,1.3889983892440796,
7152000,1.3481615781784058,
7153000,1.1835651397705078,
7154000,0.9932858347892761,
7155000,0.21634283661842346,
7156000,0.6934092044830322,
7157000,1.3679145574569702,
7158000,0.7198516130447388,
7159000,0.30816835165023804,
7160000,1.245198369026184,
7161000,0.44648903608322144,
7162000,0.4111068844795227,
7163000,0.5787652730941772,
7164000,1.3708815574645996,
7165000,1.0869717597961426,
7166000,1.3359013795852661,
7167000,1.3291170597076416,
7168000,0.7991386651992798,
7169000,0.7808379530906677,
7170000,0.2712096869945526,
7171000,0.8481029272079468,
7172000,1.1469076871871948,
7173000,0.7953677773475647,
7174000,1.3402224779129028,
7175000,1.154543161392212,
7176000,1.3381274938583374,
7177000,1.354599952697754,
7178000,0.6789640188217163,
7179000,1.0040289163589478,
7180000,0.23834237456321716,
7181000,0.29398927092552185,
7182000,0.6783465147018433,
7183000,1.249108910560608,
7184000,1.379548192024231,
7185000,1.2623614072799683,
7186000,1.2392866611480713,
7187000,1.367766261100769,
7188000,1.3121904134750366,
7189000,0.7841669321060181,
7190000,1.3637410402297974,
7191000,1.0159763097763062,
7192000,1.1105057001113892,
7193000,0.7468000650405884,
7194000,1.216214656829834,
7195000,0.26419439911842346,
7196000,0.5559661984443665,
7197000,1.3729456663131714,
7198000,1.366405725479126,
7199000,0.7989247441291809,
7200000,1.3650785684585571,
7201000,0.19841276109218597,
7202000,0.4242105185985565,
7203000,0.554272472858429,
7204000,0.36317482590675354,
7205000,0.6249899864196777,
7206000,0.28350526094436646,
7207000,0.2418363243341446,
7208000,1.2043933868408203,
7209000,0.6782065629959106,
7210000,0.5789021849632263,
7211000,1.3378177881240845,
7212000,0.7049612998962402,
7213000,1.3712104558944702,
7214000,0.4870615303516388,
7215000,0.33404672145843506,
7216000,0.781740128993988,
7217000,1.1022542715072632,
7218000,0.19909341633319855,
7219000,0.5285985469818115,
7220000,0.27136731147766113,
7221000,0.5191459655761719,
7222000,1.0391173362731934,
7223000,1.1567749977111816,
7224000,0.5896931886672974,
7225000,1.210809588432312,
7226000,1.3359111547470093,
7227000,0.7758662700653076,
7228000,1.2637240886688232,
7229000,1.2336664199829102,
7230000,1.3221678733825684,
7231000,0.23516865074634552,
7232000,1.1377521753311157,
7233000,0.604074239730835,
7234000,0.49561238288879395,
7235000,1.3887476921081543,
7236000,0.7110179662704468,
7237000,1.3360350131988525,
7238000,1.176679015159607,
7239000,1.1946884393692017,
7240000,0.2767293453216553,
7241000,1.1162782907485962,
7242000,0.44383499026298523,
7243000,1.32486093044281,
7244000,1.3326092958450317,
7245000,1.057650089263916,
7246000,0.7255006432533264,
7247000,0.8691223859786987,
7248000,0.8275337219238281,
7249000,1.0806418657302856,
7250000,1.1315077543258667,
7250000,1.1315077543258667,0.933551384806633
7251000,1.1320691108703613,
7252000,0.27809277176856995,
7253000,1.2317640781402588,
7254000,1.1149340867996216,
7255000,0.9009256958961487,
7256000,1.356305480003357,
7257000,0.29486972093582153,
7258000,0.8483418822288513,
7259000,1.2678622007369995,
7260000,0.23794785141944885,
7261000,0.7854692339897156,
7262000,0.8196784257888794,
7263000,0.2999493181705475,
7264000,1.3478178977966309,
7265000,0.6447750926017761,
7266000,1.0044726133346558,
7267000,1.2191975116729736,
7268000,1.3599669933319092,
7269000,1.354617714881897,
7270000,1.3477927446365356,
7271000,0.5251961946487427,
7272000,1.360405445098877,
7273000,1.344281792640686,
7274000,0.2961590588092804,
7275000,0.8061491847038269,
7276000,1.286613941192627,
7277000,0.4152967929840088,
7278000,0.5539215803146362,
7279000,1.1590577363967896,
7280000,0.5257067084312439,
7281000,1.3751500844955444,
7282000,1.0703476667404175,
7283000,0.5278016328811646,
7284000,1.3614404201507568,
7285000,1.1640291213989258,
7286000,1.2964181900024414,
7287000,1.2586790323257446,
7288000,0.6942368745803833,
7289000,0.7867285013198853,
7290000,0.9039437770843506,
7291000,1.3709044456481934,
7292000,1.3355319499969482,
7293000,1.0149997472763062,
7294000,1.1179211139678955,
7295000,1.0385125875473022,
7296000,1.0921458005905151,
7297000,1.0473992824554443,
7298000,1.1649940013885498,
7299000,1.3554743528366089,
7300000,1.1617233753204346,
7301000,0.6194779872894287,
7302000,0.7276850938796997,
7303000,1.3332602977752686,
7304000,0.7677241563796997,
7305000,0.4482538104057312,
7306000,1.2601324319839478,
7307000,1.361778974533081,
7308000,1.1508582830429077,
7309000,1.143000602722168,
7310000,1.2710320949554443,
7311000,1.144652009010315,
7312000,1.3576481342315674,
7313000,1.3441592454910278,
7314000,0.3743099272251129,
7315000,0.4740791916847229,
7316000,0.5641654133796692,
7317000,1.0383796691894531,
7318000,1.1714587211608887,
7319000,0.7400182485580444,
7320000,1.2617225646972656,
7321000,1.1399956941604614,
7322000,0.5980299711227417,
7323000,1.2491145133972168,
7324000,1.3649072647094727,
7325000,1.3450055122375488,
7326000,1.283735990524292,
7327000,0.23541779816150665,
7328000,1.2198644876480103,
7329000,1.2024478912353516,
7330000,0.6333029866218567,
7331000,0.7367269396781921,
7332000,1.3498575687408447,
7333000,0.7714019417762756,
7334000,0.20052728056907654,
7335000,1.2263474464416504,
7336000,0.33470138907432556,
7337000,0.5964360237121582,
7338000,1.0071306228637695,
7339000,0.6450170278549194,
7340000,1.3422657251358032,
7341000,0.642606258392334,
7342000,0.7153184413909912,
7343000,1.0425454378128052,
7344000,1.3807320594787598,
7345000,0.34617432951927185,
7346000,0.6795307397842407,
7347000,0.2680496573448181,
7348000,0.9926353096961975,
7349000,0.7210842370986938,
7350000,1.291057825088501,
7351000,0.2718580365180969,
7352000,0.9301420450210571,
7353000,1.28408944606781,
7354000,0.7302570939064026,
7355000,1.3587281703948975,
7356000,1.327532410621643,
7357000,0.8941415548324585,
7358000,0.2196260392665863,
7359000,0.5812488794326782,
7360000,1.1866165399551392,
7361000,1.185992956161499,
7362000,1.2498894929885864,
7363000,0.6492385268211365,
7364000,1.2049357891082764,
7365000,1.051039218902588,
7366000,0.8024030923843384,
7367000,0.7946968674659729,
7368000,0.2748439610004425,
7369000,0.34371086955070496,
7370000,1.2303788661956787,
7371000,1.0182029008865356,
7372000,1.3349748849868774,
7373000,1.2594658136367798,
7374000,0.6844298839569092,
7375000,1.3486793041229248,
7376000,1.2641520500183105,
7377000,0.31876489520072937,
7378000,0.6327236890792847,
7379000,0.7123144268989563,
7380000,1.3604967594146729,
7381000,1.3197356462478638,
7382000,1.0657609701156616,
7383000,1.0975128412246704,
7384000,1.2252129316329956,
7385000,0.7998482584953308,
7386000,0.5916783809661865,
7387000,1.2659027576446533,
7388000,0.9298313856124878,
7389000,1.1945874691009521,
7390000,1.2589277029037476,
7391000,0.9494457244873047,
7392000,1.3651057481765747,
7393000,0.1967685967683792,
7394000,0.22952038049697876,
7395000,1.099822759628296,
7396000,0.3969169557094574,
7397000,0.39714503288269043,
7398000,0.4673321843147278,
7399000,0.8541867136955261,
7400000,0.3852211534976959,
7401000,0.41861429810523987,
7402000,0.23753376305103302,
7403000,1.361056923866272,
7404000,1.246672511100769,
7405000,0.8246161341667175,
7406000,0.2640642821788788,
7407000,0.34187692403793335,
7408000,1.298681378364563,
7409000,1.212359070777893,
7410000,0.6097069382667542,
7411000,1.3499512672424316,
7412000,0.5421462655067444,
7413000,1.2340112924575806,
7414000,1.3493489027023315,
7415000,0.8653424978256226,
7416000,0.3649534583091736,
7417000,1.3641365766525269,
7418000,0.7452097535133362,
7419000,1.236782193183899,
7420000,1.137803077697754,
7421000,1.22960364818573,
7422000,1.2038533687591553,
7423000,0.6349874138832092,
7424000,0.380255788564682,
7425000,0.6078022122383118,
7426000,0.5757517218589783,
7427000,0.19708625972270966,
7428000,0.6707301735877991,
7429000,0.864526629447937,
7430000,1.0907577276229858,
7431000,1.2086857557296753,
7432000,0.8930894136428833,
7433000,1.3747899532318115,
7434000,0.8407272696495056,
7435000,0.5715211629867554,
7436000,1.2856974601745605,
7437000,0.8798454403877258,
7438000,1.356533169746399,
7439000,1.1102619171142578,
7440000,1.3705639839172363,
7441000,0.3038712441921234,
7442000,0.9590490460395813,
7443000,0.2740510106086731,
7444000,1.248737096786499,
7445000,0.8385835289955139,
7446000,1.3473784923553467,
7447000,1.3562040328979492,
7448000,0.9054206609725952,
7449000,1.371117353439331,
7450000,1.2372673749923706,
7451000,1.3256809711456299,
7452000,1.146673560142517,
7453000,0.7292704582214355,
7454000,0.2607171833515167,
7455000,0.8740195631980896,
7456000,1.3186063766479492,
7457000,0.9219304919242859,
7458000,0.5686753392219543,
7459000,0.8953871130943298,
7460000,0.17451457679271698,
7461000,0.6091076135635376,
7462000,0.6660411357879639,
7463000,1.3768234252929688,
7464000,1.3414868116378784,
7465000,0.6580533981323242,
7466000,1.3721156120300293,
7467000,1.297700047492981,
7468000,1.1858923435211182,
7469000,1.2470221519470215,
7470000,1.3023228645324707,
7471000,0.9198827147483826,
7472000,1.3701612949371338,
7473000,1.3012120723724365,
7474000,0.34454140067100525,
7475000,1.1558706760406494,
7476000,1.3440912961959839,
7477000,0.38420113921165466,
7478000,0.9035151600837708,
7479000,1.0354105234146118,
7480000,0.5716109871864319,
7481000,0.5780537128448486,
7482000,0.6563504934310913,
7483000,0.8466302752494812,
7484000,0.9936036467552185,
7485000,0.9851515889167786,
7486000,0.31397736072540283,
7487000,1.3321760892868042,
7488000,1.1528615951538086,
7489000,1.2540370225906372,
7490000,1.3552888631820679,
7491000,1.1170469522476196,
7492000,1.1727690696716309,
7493000,1.352117896080017,
7494000,0.7301583886146545,
7495000,1.040916919708252,
7496000,1.277481198310852,
7497000,1.3435306549072266,
7498000,1.3337376117706299,
7499000,0.8719826340675354,
7500000,0.6922182440757751,
7500000,0.6922182440757751,0.9191815496981144
7501000,1.3268567323684692,
7502000,1.378332495689392,
7503000,0.6564616560935974,
7504000,1.3563185930252075,
7505000,0.9647192358970642,
7506000,1.2577139139175415,
7507000,0.7997719645500183,
7508000,0.6025967001914978,
7509000,1.3527297973632812,
7510000,1.1522897481918335,
7511000,1.2705540657043457,
7512000,1.2197051048278809,
7513000,1.2304993867874146,
7514000,1.1227368116378784,
7515000,1.3655623197555542,
7516000,1.3296245336532593,
7517000,1.1528327465057373,
7518000,1.356526494026184,
7519000,0.515903890132904,
7520000,0.33409619331359863,
7521000,0.36445072293281555,
7522000,1.190601110458374,
7523000,1.028350830078125,
7524000,1.3221237659454346,
7525000,1.1733629703521729,
7526000,1.1049691438674927,
7527000,1.2131173610687256,
7528000,1.3600231409072876,
7529000,0.3953385353088379,
7530000,0.4811355471611023,
7531000,0.8190852403640747,
7532000,0.8336573243141174,
7533000,0.7478688359260559,
7534000,0.46872463822364807,
7535000,0.4490486979484558,
7536000,1.3627194166183472,
7537000,1.3291387557983398,
7538000,0.6818093657493591,
7539000,1.1834722757339478,
7540000,1.3450380563735962,
7541000,1.1396492719650269,
7542000,1.3575520515441895,
7543000,1.1583324670791626,
7544000,0.46239760518074036,
7545000,1.0294734239578247,
7546000,0.8256229162216187,
7547000,0.8917431235313416,
7548000,1.3654147386550903,
7549000,1.1820507049560547,
7550000,0.18428590893745422,
7551000,1.357874870300293,
7552000,1.2476447820663452,
7553000,1.3228901624679565,
7554000,0.7533621788024902,
7555000,1.263897180557251,
7556000,0.4467543661594391,
7557000,0.6660277247428894,
7558000,1.093003273010254,
7559000,1.3543680906295776,
7560000,0.6267384886741638,
7561000,0.8736016750335693,
7562000,0.2707902789115906,
7563000,1.2225964069366455,
7564000,1.35274338722229,
7565000,1.357211709022522,
7566000,0.7277927398681641,
7567000,1.2593306303024292,
7568000,0.6078852415084839,
7569000,1.3718175888061523,
7570000,1.0797275304794312,
7571000,1.3552882671356201,
7572000,0.6166307330131531,
7573000,0.6860483884811401,
7574000,1.1402238607406616,
7575000,0.9869461059570312,
7576000,0.5597406029701233,
7577000,1.212911605834961,
7578000,0.1797114908695221,
7579000,1.3536447286605835,
7580000,1.31316077709198,
7581000,1.1942535638809204,
7582000,0.8861525654792786,
7583000,1.3520383834838867,
7584000,0.5369902849197388,
7585000,0.7250083088874817,
7586000,1.3636947870254517,
7587000,1.327409267425537,
7588000,0.601667582988739,
7589000,0.4817825257778168,
7590000,1.1845948696136475,
7591000,0.5770614743232727,
7592000,0.7315120100975037,
7593000,0.4898054897785187,
7594000,0.6511600613594055,
7595000,1.0546326637268066,
7596000,0.9898237586021423,
7597000,0.5803462266921997,
7598000,1.3362497091293335,
7599000,1.169739842414856,
7600000,1.3000990152359009,
7601000,1.3450965881347656,
7602000,0.3722739517688751,
7603000,0.4794047772884369,
7604000,0.7820660471916199,
7605000,1.3347424268722534,
7606000,1.08975350856781,
7607000,1.3727105855941772,
7608000,1.259350061416626,
7609000,0.6467447280883789,
7610000,0.17785701155662537,
7611000,1.2551264762878418,
7612000,1.2519464492797852,
7613000,0.23560795187950134,
7614000,0.5802859663963318,
7615000,0.45726415514945984,
7616000,1.1283738613128662,
7617000,0.5213760733604431,
7618000,0.6285644173622131,
7619000,1.2820355892181396,
7620000,1.3366068601608276,
7621000,1.1222279071807861,
7622000,1.3452955484390259,
7623000,1.083640217781067,
7624000,0.9518581032752991,
7625000,1.3487361669540405,
7626000,1.064795970916748,
7627000,0.8261287212371826,
7628000,0.28647300601005554,
7629000,0.37411800026893616,
7630000,0.8704855442047119,
7631000,0.668198823928833,
7632000,1.3124561309814453,
7633000,1.339951992034912,
7634000,0.6938658952713013,
7635000,0.6865129470825195,
7636000,0.5955234169960022,
7637000,0.599303662776947,
7638000,0.6381254196166992,
7639000,0.31970441341400146,
7640000,1.392177700996399,
7641000,1.0480945110321045,
7642000,0.17275747656822205,
7643000,0.809852659702301,
7644000,0.3530963957309723,
7645000,1.3640239238739014,
7646000,1.2884734869003296,
7647000,1.3200626373291016,
7648000,0.6451464891433716,
7649000,1.166990041732788,
7650000,1.1957566738128662,
7651000,0.3564107120037079,
7652000,1.3634270429611206,
7653000,1.3630529642105103,
7654000,1.364372968673706,
7655000,0.17742452025413513,
7656000,0.74219810962677,
7657000,1.3126206398010254,
7658000,0.9127452373504639,
7659000,0.8326517343521118,
7660000,1.2708086967468262,
7661000,0.5557506680488586,
7662000,0.7259119153022766,
7663000,0.6239244341850281,
7664000,1.1420631408691406,
7665000,0.7264591455459595,
7666000,1.3612046241760254,
7667000,1.0387873649597168,
7668000,1.2716037034988403,
7669000,0.8770501613616943,
7670000,1.3597687482833862,
7671000,1.3155125379562378,
7672000,0.8164057731628418,
7673000,1.3432519435882568,
7674000,0.9522079825401306,
7675000,0.9809916615486145,
7676000,0.6436620354652405,
7677000,0.49858036637306213,
7678000,1.0198720693588257,
7679000,0.7434049844741821,
7680000,1.3605114221572876,
7681000,0.4020034968852997,
7682000,1.206964373588562,
7683000,0.7578856348991394,
7684000,1.2494899034500122,
7685000,1.3107199668884277,
7686000,0.6219815611839294,
7687000,1.3564684391021729,
7688000,1.3282502889633179,
7689000,0.5645467638969421,
7690000,1.3646308183670044,
7691000,1.0627624988555908,
7692000,0.4037680923938751,
7693000,1.3462042808532715,
7694000,1.3530707359313965,
7695000,1.1425542831420898,
7696000,0.7183635234832764,
7697000,0.3086889684200287,
7698000,0.7873072624206543,
7699000,0.9254911541938782,
7700000,1.3344733715057373,
7701000,0.8839098215103149,
7702000,0.5124578475952148,
7703000,1.1819878816604614,
7704000,1.2140858173370361,
7705000,0.29844826459884644,
7706000,0.9346198439598083,
7707000,0.23071381449699402,
7708000,0.767076849937439,
7709000,0.6843909621238708,
7710000,0.8094370365142822,
7711000,0.7492985129356384,
7712000,1.3496644496917725,
7713000,0.8027182221412659,
7714000,1.3322900533676147,
7715000,0.7844645380973816,
7716000,1.1879020929336548,
7717000,1.341329574584961,
7718000,1.3095972537994385,
7719000,0.5451755523681641,
7720000,0.3160915970802307,
7721000,1.3670378923416138,
7722000,0.8647475242614746,
7723000,1.3235207796096802,
7724000,1.0947446823120117,
7725000,1.2450841665267944,
7726000,0.2672441303730011,
7727000,0.38453125953674316,
7728000,0.7293808460235596,
7729000,1.0602614879608154,
7730000,0.9249186515808105,
7731000,0.9105882048606873,
7732000,0.8798157572746277,
7733000,0.7056926488876343,
7734000,0.964652955532074,
7735000,0.7668592929840088,
7736000,0.5139458775520325,
7737000,0.664720892906189,
7738000,0.828071653842926,
7739000,0.3419572412967682,
7740000,0.4633203148841858,
7741000,0.4059935510158539,
7742000,0.42809489369392395,
7743000,0.3946860730648041,
7744000,0.5800318717956543,
7745000,1.2591184377670288,
7746000,1.3758928775787354,
7747000,1.1979702711105347,
7748000,0.3478600084781647,
7749000,0.4573827385902405,
7750000,0.6854583024978638,
7750000,0.6854583024978638,0.9360883179306984
7751000,0.30730506777763367,
7752000,0.5155129432678223,
7753000,1.0883057117462158,
7754000,1.3531744480133057,
7755000,1.0778398513793945,
7756000,1.3571622371673584,
7757000,1.22396719455719,
7758000,1.3493541479110718,
7759000,0.8942526578903198,
7760000,1.2576097249984741,
7761000,1.3555750846862793,
7762000,1.1188148260116577,
7763000,0.8094112277030945,
7764000,0.32526013255119324,
7765000,1.2091712951660156,
7766000,0.991798996925354,
7767000,0.22155319154262543,
7768000,1.3252100944519043,
7769000,1.3451467752456665,
7770000,1.3324344158172607,
7771000,1.3622820377349854,
7772000,1.3553975820541382,
7773000,0.5177337527275085,
7774000,1.3645645380020142,
7775000,1.2933372259140015,
7776000,1.3402049541473389,
7777000,1.1035858392715454,
7778000,1.33896005153656,
7779000,1.2139877080917358,
7780000,1.2731410264968872,
7781000,1.039961814880371,
7782000,0.7413014769554138,
7783000,1.2468706369400024,
7784000,1.344565510749817,
7785000,1.1701664924621582,
7786000,0.5718990564346313,
7787000,1.3554136753082275,
7788000,0.860046923160553,
7789000,1.3030385971069336,
7790000,0.18005192279815674,
7791000,0.3982662856578827,
7792000,1.3240249156951904,
7793000,0.6560879945755005,
7794000,0.9814488887786865,
7795000,1.3621680736541748,
7796000,0.2940228581428528,
7797000,1.0590784549713135,
7798000,1.159814715385437,
7799000,1.1324318647384644,
7800000,0.7464209198951721,
7801000,1.0005775690078735,
7802000,1.1136137247085571,
7803000,1.3089133501052856,
7804000,1.0244402885437012,
7805000,0.2643108367919922,
7806000,0.8668274283409119,
7807000,1.2329927682876587,
7808000,0.26829031109809875,
7809000,0.8443893194198608,
7810000,0.5825907588005066,
7811000,1.3562040328979492,
7812000,0.6957255005836487,
7813000,1.0352286100387573,
7814000,0.5564635396003723,
7815000,1.2092163562774658,
7816000,0.6757150292396545,
7817000,1.3454866409301758,
7818000,0.677606463432312,
7819000,0.5608635544776917,
7820000,1.3695443868637085,
7821000,0.6700543165206909,
7822000,1.1755244731903076,
7823000,1.3611570596694946,
7824000,0.16075918078422546,
7825000,0.2071847915649414,
7826000,1.3549031019210815,
7827000,1.0905439853668213,
7828000,1.3540294170379639,
7829000,0.7091568112373352,
7830000,1.3478528261184692,
7831000,1.352981686592102,
7832000,0.851245105266571,
7833000,0.1630452424287796,
7834000,0.522885262966156,
7835000,1.11391282081604,
7836000,1.3630566596984863,
7837000,1.0250602960586548,
7838000,1.1759865283966064,
7839000,0.2590119540691376,
7840000,1.3668407201766968,
7841000,1.1742347478866577,
7842000,1.3062360286712646,
7843000,1.2759236097335815,
7844000,0.7852904200553894,
7845000,0.6681293249130249,
7846000,0.5225868225097656,
7847000,0.2818576991558075,
7848000,0.7102289199829102,
7849000,1.0964175462722778,
7850000,1.3420448303222656,
7851000,0.44631147384643555,
7852000,0.6750186085700989,
7853000,0.3292120695114136,
7854000,1.2564164400100708,
7855000,0.39286008477211,
7856000,0.8086745142936707,
7857000,1.2288345098495483,
7858000,1.3634800910949707,
7859000,1.2014967203140259,
7860000,1.342543363571167,
7861000,1.1633710861206055,
7862000,0.21868260204792023,
7863000,0.6701719760894775,
7864000,0.7177137732505798,
7865000,1.1500118970870972,
7866000,0.6485024094581604,
7867000,0.4619207978248596,
7868000,0.645546019077301,
7869000,1.366942286491394,
7870000,0.7654516100883484,
7871000,1.0243412256240845,
7872000,0.6925601363182068,
7873000,0.3747846782207489,
7874000,1.3583953380584717,
7875000,1.360498070716858,
7876000,1.0430864095687866,
7877000,0.7266599535942078,
7878000,1.3695814609527588,
7879000,1.345747470855713,
7880000,0.4742402732372284,
7881000,0.9055145382881165,
7882000,1.1354787349700928,
7883000,0.1574895828962326,
7884000,0.9656986594200134,
7885000,1.0936375856399536,
7886000,1.3111666440963745,
7887000,0.4359077215194702,
7888000,0.7596932053565979,
7889000,1.3607687950134277,
7890000,0.39603450894355774,
7891000,0.17390267550945282,
7892000,0.5436325073242188,
7893000,1.3431257009506226,
7894000,1.0610544681549072,
7895000,0.8716217875480652,
7896000,1.228865146636963,
7897000,0.3102758228778839,
7898000,0.5144321918487549,
7899000,0.3767837882041931,
7900000,1.258105754852295,
7901000,0.6293922662734985,
7902000,1.3495798110961914,
7903000,0.8837645053863525,
7904000,1.0785996913909912,
7905000,1.0790839195251465,
7906000,1.360600471496582,
7907000,0.8476380109786987,
7908000,1.2742379903793335,
7909000,0.640422523021698,
7910000,0.9178598523139954,
7911000,0.7382275462150574,
7912000,0.21497434377670288,
7913000,0.9184337258338928,
7914000,1.2910834550857544,
7915000,0.41212770342826843,
7916000,0.7070221900939941,
7917000,0.4449997544288635,
7918000,0.7445499300956726,
7919000,0.916584849357605,
7920000,1.0985984802246094,
7921000,0.3560260832309723,
7922000,1.1208208799362183,
7923000,1.2067009210586548,
7924000,0.49631914496421814,
7925000,1.0188630819320679,
7926000,1.3644448518753052,
7927000,0.7436110377311707,
7928000,0.1533924788236618,
7929000,1.2454149723052979,
7930000,0.5122097730636597,
7931000,0.8213644623756409,
7932000,0.1967344433069229,
7933000,0.9028438925743103,
7934000,1.067953109741211,
7935000,0.7909578680992126,
7936000,1.27261221408844,
7937000,1.257964849472046,
7938000,1.3495543003082275,
7939000,1.0931086540222168,
7940000,1.3412929773330688,
7941000,0.7113014459609985,
7942000,0.7491203546524048,
7943000,1.0444697141647339,
7944000,0.6226369738578796,
7945000,1.290846586227417,
7946000,1.215441346168518,
7947000,1.2659587860107422,
7948000,0.5735940933227539,
7949000,1.232147216796875,
7950000,0.656380295753479,
7951000,0.82262122631073,
7952000,0.5532239675521851,
7953000,1.1517490148544312,
7954000,0.9468955993652344,
7955000,1.0979887247085571,
7956000,0.17669647932052612,
7957000,1.1412262916564941,
7958000,0.4362837076187134,
7959000,1.3661003112792969,
7960000,1.2850126028060913,
7961000,1.3509572744369507,
7962000,0.9634824991226196,
7963000,0.3874858319759369,
7964000,0.7635625600814819,
7965000,0.43172886967658997,
7966000,1.234467625617981,
7967000,1.3192092180252075,
7968000,1.3304290771484375,
7969000,0.7638917565345764,
7970000,0.5186769962310791,
7971000,1.3158196210861206,
7972000,1.3563123941421509,
7973000,1.3594204187393188,
7974000,0.8426973819732666,
7975000,0.7161910533905029,
7976000,0.75604647397995,
7977000,1.3120148181915283,
7978000,0.3242962658405304,
7979000,1.0779286623001099,
7980000,0.20342257618904114,
7981000,0.36974793672561646,
7982000,0.3194258213043213,
7983000,0.9128908514976501,
7984000,0.6505260467529297,
7985000,0.4766679108142853,
7986000,1.0904271602630615,
7987000,0.8220655918121338,
7988000,0.7702096700668335,
7989000,1.3208484649658203,
7990000,0.31462937593460083,
7991000,1.0934650897979736,
7992000,0.7091343402862549,
7993000,1.3364627361297607,
7994000,1.365814447402954,
7995000,0.6677607297897339,
7996000,0.8964243531227112,
7997000,1.2565996646881104,
7998000,1.240578055381775,
7999000,1.279394507408142,
8000000,1.3601678609848022,
8000000,1.3601678609848022,0.9302938568592072
